Frame index, Frame time (ms), DLSS Frame Generation (ms), FSR3 Frame Generation (ms), XeSS Frame Generation (ms), CPU memory (MB), GPU memory (MB)
0, 28.86, 28.86, 28.86, 28.86
1, 30.00, 30.00, 30.00, 30.00
2, 29.75, 29.75, 29.75, 29.75
3, 28.40, 28.40, 28.40, 28.40
4, 30.16, 30.16, 30.16, 30.16
5, 29.03, 29.03, 29.03, 29.03
6, 30.20, 30.20, 30.20, 30.20
7, 28.81, 28.81, 28.81, 28.81
8, 29.66, 29.66, 29.66, 29.66
9, 28.67, 28.67, 28.67, 28.67
10, 28.57, 28.57, 28.57, 28.57
11, 28.59, 28.59, 28.59, 28.59
12, 28.26, 28.26, 28.26, 28.26
13, 29.33, 29.33, 29.33, 29.33
14, 30.13, 30.13, 30.13, 30.13
15, 31.44, 31.44, 31.44, 31.44
16, 29.12, 29.12, 29.12, 29.12
17, 28.35, 28.35, 28.35, 28.35
18, 32.06, 32.06, 32.06, 32.06
19, 25.12, 25.12, 25.12, 25.12
20, 29.79, 29.79, 29.79, 29.79
21, 29.73, 29.73, 29.73, 29.73
22, 27.85, 27.85, 27.85, 27.85
23, 30.38, 30.38, 30.38, 30.38
24, 28.06, 28.06, 28.06, 28.06
25, 29.62, 29.62, 29.62, 29.62
26, 29.28, 29.28, 29.28, 29.28
27, 29.90, 29.90, 29.90, 29.90
28, 29.45, 29.45, 29.45, 29.45
29, 29.27, 29.27, 29.27, 29.27
30, 30.00, 30.00, 30.00, 30.00
31, 30.01, 30.01, 30.01, 30.01
32, 29.42, 29.42, 29.42, 29.42
33, 29.24, 29.24, 29.24, 29.24
34, 30.43, 30.43, 30.43, 30.43
35, 29.62, 29.62, 29.62, 29.62
36, 30.55, 30.55, 30.55, 30.55
37, 29.90, 29.90, 29.90, 29.90
38, 29.30, 29.30, 29.30, 29.30
39, 29.31, 29.31, 29.31, 29.31
40, 28.63, 28.63, 28.63, 28.63
41, 29.17, 29.17, 29.17, 29.17
42, 29.82, 29.82, 29.82, 29.82
43, 28.56, 28.56, 28.56, 28.56
44, 28.76, 28.76, 28.76, 28.76
45, 28.78, 28.78, 28.78, 28.78
46, 28.29, 28.29, 28.29, 28.29
47, 30.24, 30.24, 30.24, 30.24
48, 29.48, 29.48, 29.48, 29.48
49, 30.71, 30.71, 30.71, 30.71
50, 28.62, 28.62, 28.62, 28.62
51, 29.81, 29.81, 29.81, 29.81
52, 30.02, 30.02, 30.02, 30.02
53, 29.37, 29.37, 29.37, 29.37
54, 29.32, 29.32, 29.32, 29.32
55, 32.26, 32.26, 32.26, 32.26
56, 30.88, 30.88, 30.88, 30.88
57, 30.64, 30.64, 30.64, 30.64
58, 28.01, 28.01, 28.01, 28.01
59, 31.61, 31.61, 31.61, 31.61
60, 30.32, 30.32, 30.32, 30.32
61, 31.25, 31.25, 31.25, 31.25
62, 29.68, 29.68, 29.68, 29.68
63, 30.43, 30.43, 30.43, 30.43
64, 30.01, 30.01, 30.01, 30.01
65, 29.05, 29.05, 29.05, 29.05
66, 29.08, 29.08, 29.08, 29.08
67, 29.65, 29.65, 29.65, 29.65
68, 32.11, 32.11, 32.11, 32.11
69, 30.09, 30.09, 30.09, 30.09
70, 29.17, 29.17, 29.17, 29.17
71, 29.79, 29.79, 29.79, 29.79
72, 30.50, 30.50, 30.50, 30.50
73, 29.26, 29.26, 29.26, 29.26
74, 30.02, 30.02, 30.02, 30.02
75, 31.31, 31.31, 31.31, 31.31
76, 31.08, 31.08, 31.08, 31.08
77, 31.29, 31.29, 31.29, 31.29
78, 29.05, 29.05, 29.05, 29.05
79, 30.07, 30.07, 30.07, 30.07
80, 31.15, 31.15, 31.15, 31.15
81, 29.96, 29.96, 29.96, 29.96
82, 30.33, 30.33, 30.33, 30.33
83, 30.49, 30.49, 30.49, 30.49
84, 32.17, 32.17, 32.17, 32.17
85, 29.93, 29.93, 29.93, 29.93
86, 30.38, 30.38, 30.38, 30.38
87, 31.17, 31.17, 31.17, 31.17
88, 30.52, 30.52, 30.52, 30.52
89, 31.60, 31.60, 31.60, 31.60
90, 30.65, 30.65, 30.65, 30.65
91, 29.44, 29.44, 29.44, 29.44
92, 31.05, 31.05, 31.05, 31.05
93, 32.01, 32.01, 32.01, 32.01
94, 31.92, 31.92, 31.92, 31.92
95, 31.02, 31.02, 31.02, 31.02
96, 29.44, 29.44, 29.44, 29.44
97, 30.70, 30.70, 30.70, 30.70
98, 31.66, 31.66, 31.66, 31.66
99, 30.93, 30.93, 30.93, 30.93
100, 29.71, 29.71, 29.71, 29.71
101, 30.96, 30.96, 30.96, 30.96
102, 30.67, 30.67, 30.67, 30.67
103, 29.63, 29.63, 29.63, 29.63
104, 30.42, 30.42, 30.42, 30.42
105, 29.93, 29.93, 29.93, 29.93
106, 32.39, 32.39, 32.39, 32.39
107, 29.36, 29.36, 29.36, 29.36
108, 31.51, 31.51, 31.51, 31.51
109, 30.78, 30.78, 30.78, 30.78
110, 31.29, 31.29, 31.29, 31.29
111, 31.45, 31.45, 31.45, 31.45
112, 31.61, 31.61, 31.61, 31.61
113, 29.95, 29.95, 29.95, 29.95
114, 30.15, 30.15, 30.15, 30.15
115, 30.03, 30.03, 30.03, 30.03
116, 30.02, 30.02, 30.02, 30.02
117, 31.24, 31.24, 31.24, 31.24
118, 30.60, 30.60, 30.60, 30.60
119, 32.60, 32.60, 32.60, 32.60
120, 29.67, 29.67, 29.67, 29.67
121, 30.23, 30.23, 30.23, 30.23
122, 30.66, 30.66, 30.66, 30.66
123, 29.32, 29.32, 29.32, 29.32
124, 32.80, 32.80, 32.80, 32.80
125, 32.42, 32.42, 32.42, 32.42
126, 32.37, 32.37, 32.37, 32.37
127, 30.79, 30.79, 30.79, 30.79
128, 31.22, 31.22, 31.22, 31.22
129, 32.96, 32.96, 32.96, 32.96
130, 30.72, 30.72, 30.72, 30.72
131, 29.90, 29.90, 29.90, 29.90
132, 30.92, 30.92, 30.92, 30.92
133, 31.71, 31.71, 31.71, 31.71
134, 33.66, 33.66, 33.66, 33.66
135, 31.58, 31.58, 31.58, 31.58
136, 31.26, 31.26, 31.26, 31.26
137, 31.54, 31.54, 31.54, 31.54
138, 32.92, 32.92, 32.92, 32.92
139, 32.83, 32.83, 32.83, 32.83
140, 32.15, 32.15, 32.15, 32.15
141, 33.59, 33.59, 33.59, 33.59
142, 30.43, 30.43, 30.43, 30.43
143, 32.13, 32.13, 32.13, 32.13
144, 33.18, 33.18, 33.18, 33.18
145, 32.15, 32.15, 32.15, 32.15
146, 32.19, 32.19, 32.19, 32.19
147, 31.73, 31.73, 31.73, 31.73
148, 29.89, 29.89, 29.89, 29.89
149, 32.12, 32.12, 32.12, 32.12
150, 32.60, 32.60, 32.60, 32.60
151, 30.41, 30.41, 30.41, 30.41
152, 32.98, 32.98, 32.98, 32.98
153, 31.72, 31.72, 31.72, 31.72
154, 31.54, 31.54, 31.54, 31.54
155, 31.88, 31.88, 31.88, 31.88
156, 30.68, 30.68, 30.68, 30.68
157, 30.55, 30.55, 30.55, 30.55
158, 32.67, 32.67, 32.67, 32.67
159, 30.10, 30.10, 30.10, 30.10
160, 31.61, 31.61, 31.61, 31.61
161, 29.77, 29.77, 29.77, 29.77
162, 34.09, 34.09, 34.09, 34.09
163, 29.55, 29.55, 29.55, 29.55
164, 32.04, 32.04, 32.04, 32.04
165, 31.54, 31.54, 31.54, 31.54
166, 32.59, 32.59, 32.59, 32.59
167, 31.70, 31.70, 31.70, 31.70
168, 31.57, 31.57, 31.57, 31.57
169, 29.80, 29.80, 29.80, 29.80
170, 30.90, 30.90, 30.90, 30.90
171, 29.92, 29.92, 29.92, 29.92
172, 32.68, 32.68, 32.68, 32.68
173, 30.33, 30.33, 30.33, 30.33
174, 31.20, 31.20, 31.20, 31.20
175, 31.04, 31.04, 31.04, 31.04
176, 30.58, 30.58, 30.58, 30.58
177, 30.77, 30.77, 30.77, 30.77
178, 31.80, 31.80, 31.80, 31.80
179, 29.90, 29.90, 29.90, 29.90
180, 32.11, 32.11, 32.11, 32.11
181, 30.01, 30.01, 30.01, 30.01
182, 35.18, 35.18, 35.18, 35.18
183, 28.22, 28.22, 28.22, 28.22
184, 32.40, 32.40, 32.40, 32.40
185, 31.57, 31.57, 31.57, 31.57
186, 31.16, 31.16, 31.16, 31.16
187, 30.03, 30.03, 30.03, 30.03
188, 32.22, 32.22, 32.22, 32.22
189, 30.22, 30.22, 30.22, 30.22
190, 33.03, 33.03, 33.03, 33.03
191, 31.02, 31.02, 31.02, 31.02
192, 30.27, 30.27, 30.27, 30.27
193, 32.84, 32.84, 32.84, 32.84
194, 33.25, 33.25, 33.25, 33.25
195, 30.34, 30.34, 30.34, 30.34
196, 33.24, 33.24, 33.24, 33.24
197, 32.66, 32.66, 32.66, 32.66
198, 31.69, 31.69, 31.69, 31.69
199, 31.95, 31.95, 31.95, 31.95
200, 34.70, 34.70, 34.70, 34.70
201, 31.87, 31.87, 31.87, 31.87
202, 33.80, 33.80, 33.80, 33.80
203, 32.79, 32.79, 32.79, 32.79
204, 32.58, 32.58, 32.58, 32.58
205, 30.49, 30.49, 30.49, 30.49
206, 31.62, 31.62, 31.62, 31.62
207, 33.16, 33.16, 33.16, 33.16
208, 32.31, 32.31, 32.31, 32.31
209, 31.89, 31.89, 31.89, 31.89
210, 31.80, 31.80, 31.80, 31.80
211, 33.83, 33.83, 33.83, 33.83
212, 33.65, 33.65, 33.65, 33.65
213, 32.53, 32.53, 32.53, 32.53
214, 32.14, 32.14, 32.14, 32.14
215, 31.38, 31.38, 31.38, 31.38
216, 31.10, 31.10, 31.10, 31.10
217, 32.63, 32.63, 32.63, 32.63
218, 32.64, 32.64, 32.64, 32.64
219, 32.16, 32.16, 32.16, 32.16
220, 30.46, 30.46, 30.46, 30.46
221, 30.74, 30.74, 30.74, 30.74
222, 32.43, 32.43, 32.43, 32.43
223, 31.77, 31.77, 31.77, 31.77
224, 31.37, 31.37, 31.37, 31.37
225, 33.20, 33.20, 33.20, 33.20
226, 32.46, 32.46, 32.46, 32.46
227, 29.47, 29.47, 29.47, 29.47
228, 32.57, 32.57, 32.57, 32.57
229, 31.26, 31.26, 31.26, 31.26
230, 32.65, 32.65, 32.65, 32.65
231, 32.28, 32.28, 32.28, 32.28
232, 31.37, 31.37, 31.37, 31.37
233, 32.57, 32.57, 32.57, 32.57
234, 31.21, 31.21, 31.21, 31.21
235, 32.44, 32.44, 32.44, 32.44
236, 31.49, 31.49, 31.49, 31.49
237, 31.36, 31.36, 31.36, 31.36
238, 31.26, 31.26, 31.26, 31.26
239, 31.91, 31.91, 31.91, 31.91
240, 29.55, 29.55, 29.55, 29.55
241, 30.63, 30.63, 30.63, 30.63
242, 32.05, 32.05, 32.05, 32.05
243, 31.84, 31.84, 31.84, 31.84
244, 31.58, 31.58, 31.58, 31.58
245, 31.81, 31.81, 31.81, 31.81
246, 28.81, 28.81, 28.81, 28.81
247, 30.96, 30.96, 30.96, 30.96
248, 30.06, 30.06, 30.06, 30.06
249, 29.66, 29.66, 29.66, 29.66
250, 30.29, 30.29, 30.29, 30.29
251, 29.22, 29.22, 29.22, 29.22
252, 29.77, 29.77, 29.77, 29.77
253, 29.14, 29.14, 29.14, 29.14
254, 30.91, 30.91, 30.91, 30.91
255, 30.69, 30.69, 30.69, 30.69
256, 30.89, 30.89, 30.89, 30.89
257, 30.76, 30.76, 30.76, 30.76
258, 30.64, 30.64, 30.64, 30.64
259, 32.34, 32.34, 32.34, 32.34
260, 29.61, 29.61, 29.61, 29.61
261, 28.13, 28.13, 28.13, 28.13
262, 29.32, 29.32, 29.32, 29.32
263, 32.19, 32.19, 32.19, 32.19
264, 29.63, 29.63, 29.63, 29.63
265, 31.99, 31.99, 31.99, 31.99
266, 32.75, 32.75, 32.75, 32.75
267, 32.38, 32.38, 32.38, 32.38
268, 31.10, 31.10, 31.10, 31.10
269, 30.58, 30.58, 30.58, 30.58
270, 31.73, 31.73, 31.73, 31.73
271, 31.43, 31.43, 31.43, 31.43
272, 31.06, 31.06, 31.06, 31.06
273, 31.43, 31.43, 31.43, 31.43
274, 31.55, 31.55, 31.55, 31.55
275, 30.37, 30.37, 30.37, 30.37
276, 28.16, 28.16, 28.16, 28.16
277, 29.03, 29.03, 29.03, 29.03
278, 28.85, 28.85, 28.85, 28.85
279, 28.53, 28.53, 28.53, 28.53
280, 28.50, 28.50, 28.50, 28.50
281, 30.64, 30.64, 30.64, 30.64
282, 28.72, 28.72, 28.72, 28.72
283, 28.14, 28.14, 28.14, 28.14
284, 31.13, 31.13, 31.13, 31.13
285, 29.67, 29.67, 29.67, 29.67
286, 28.51, 28.51, 28.51, 28.51
287, 29.04, 29.04, 29.04, 29.04
288, 30.49, 30.49, 30.49, 30.49
289, 28.75, 28.75, 28.75, 28.75
290, 28.15, 28.15, 28.15, 28.15
291, 27.68, 27.68, 27.68, 27.68
292, 28.24, 28.24, 28.24, 28.24
293, 29.81, 29.81, 29.81, 29.81
294, 28.24, 28.24, 28.24, 28.24
295, 28.39, 28.39, 28.39, 28.39
296, 30.59, 30.59, 30.59, 30.59
297, 29.57, 29.57, 29.57, 29.57
298, 27.95, 27.95, 27.95, 27.95
299, 28.93, 28.93, 28.93, 28.93
300, 30.21, 30.21, 30.21, 30.21
301, 29.95, 29.95, 29.95, 29.95
302, 28.16, 28.16, 28.16, 28.16
303, 29.18, 29.18, 29.18, 29.18
304, 28.16, 28.16, 28.16, 28.16
305, 27.80, 27.80, 27.80, 27.80
306, 28.18, 28.18, 28.18, 28.18
307, 29.65, 29.65, 29.65, 29.65
308, 29.39, 29.39, 29.39, 29.39
309, 29.86, 29.86, 29.86, 29.86
310, 29.14, 29.14, 29.14, 29.14
311, 27.92, 27.92, 27.92, 27.92
312, 27.88, 27.88, 27.88, 27.88
313, 28.32, 28.32, 28.32, 28.32
314, 29.52, 29.52, 29.52, 29.52
315, 30.54, 30.54, 30.54, 30.54
316, 30.55, 30.55, 30.55, 30.55
317, 30.79, 30.79, 30.79, 30.79
318, 30.96, 30.96, 30.96, 30.96
319, 31.48, 31.48, 31.48, 31.48
320, 31.91, 31.91, 31.91, 31.91
321, 29.39, 29.39, 29.39, 29.39
322, 29.24, 29.24, 29.24, 29.24
323, 28.90, 28.90, 28.90, 28.90
324, 31.45, 31.45, 31.45, 31.45
325, 29.63, 29.63, 29.63, 29.63
326, 29.22, 29.22, 29.22, 29.22
327, 30.72, 30.72, 30.72, 30.72
328, 30.86, 30.86, 30.86, 30.86
329, 29.93, 29.93, 29.93, 29.93
330, 31.56, 31.56, 31.56, 31.56
331, 30.07, 30.07, 30.07, 30.07
332, 32.06, 32.06, 32.06, 32.06
333, 29.48, 29.48, 29.48, 29.48
334, 32.73, 32.73, 32.73, 32.73
335, 32.21, 32.21, 32.21, 32.21
336, 31.23, 31.23, 31.23, 31.23
337, 30.73, 30.73, 30.73, 30.73
338, 30.58, 30.58, 30.58, 30.58
339, 32.72, 32.72, 32.72, 32.72
340, 32.09, 32.09, 32.09, 32.09
341, 31.06, 31.06, 31.06, 31.06
342, 30.23, 30.23, 30.23, 30.23
343, 30.52, 30.52, 30.52, 30.52
344, 31.25, 31.25, 31.25, 31.25
345, 33.57, 33.57, 33.57, 33.57
346, 31.33, 31.33, 31.33, 31.33
347, 30.83, 30.83, 30.83, 30.83
348, 33.78, 33.78, 33.78, 33.78
349, 33.88, 33.88, 33.88, 33.88
350, 30.56, 30.56, 30.56, 30.56
351, 30.83, 30.83, 30.83, 30.83
352, 30.89, 30.89, 30.89, 30.89
353, 33.29, 33.29, 33.29, 33.29
354, 31.42, 31.42, 31.42, 31.42
355, 33.49, 33.49, 33.49, 33.49
356, 33.46, 33.46, 33.46, 33.46
357, 32.87, 32.87, 32.87, 32.87
358, 32.07, 32.07, 32.07, 32.07
359, 33.75, 33.75, 33.75, 33.75
360, 32.03, 32.03, 32.03, 32.03
361, 30.98, 30.98, 30.98, 30.98
362, 31.90, 31.90, 31.90, 31.90
363, 32.26, 32.26, 32.26, 32.26
364, 32.23, 32.23, 32.23, 32.23
365, 29.24, 29.24, 29.24, 29.24
366, 30.15, 30.15, 30.15, 30.15
367, 31.84, 31.84, 31.84, 31.84
368, 33.90, 33.90, 33.90, 33.90
369, 31.05, 31.05, 31.05, 31.05
370, 30.93, 30.93, 30.93, 30.93
371, 29.86, 29.86, 29.86, 29.86
372, 30.19, 30.19, 30.19, 30.19
373, 29.61, 29.61, 29.61, 29.61
374, 32.40, 32.40, 32.40, 32.40
375, 30.83, 30.83, 30.83, 30.83
376, 33.10, 33.10, 33.10, 33.10
377, 31.21, 31.21, 31.21, 31.21
378, 31.96, 31.96, 31.96, 31.96
379, 31.50, 31.50, 31.50, 31.50
380, 32.41, 32.41, 32.41, 32.41
381, 32.05, 32.05, 32.05, 32.05
382, 30.54, 30.54, 30.54, 30.54
383, 29.32, 29.32, 29.32, 29.32
384, 29.94, 29.94, 29.94, 29.94
385, 29.66, 29.66, 29.66, 29.66
386, 31.79, 31.79, 31.79, 31.79
387, 30.50, 30.50, 30.50, 30.50
388, 30.61, 30.61, 30.61, 30.61
389, 29.05, 29.05, 29.05, 29.05
390, 29.52, 29.52, 29.52, 29.52
391, 29.37, 29.37, 29.37, 29.37
392, 30.95, 30.95, 30.95, 30.95
393, 29.93, 29.93, 29.93, 29.93
394, 30.19, 30.19, 30.19, 30.19
395, 29.95, 29.95, 29.95, 29.95
396, 30.50, 30.50, 30.50, 30.50
397, 30.13, 30.13, 30.13, 30.13
398, 30.93, 30.93, 30.93, 30.93
399, 29.07, 29.07, 29.07, 29.07
400, 30.66, 30.66, 30.66, 30.66
401, 29.08, 29.08, 29.08, 29.08
402, 31.29, 31.29, 31.29, 31.29
403, 29.36, 29.36, 29.36, 29.36
404, 28.83, 28.83, 28.83, 28.83
405, 29.37, 29.37, 29.37, 29.37
406, 29.03, 29.03, 29.03, 29.03
407, 31.65, 31.65, 31.65, 31.65
408, 30.95, 30.95, 30.95, 30.95
409, 31.98, 31.98, 31.98, 31.98
410, 29.63, 29.63, 29.63, 29.63
411, 31.04, 31.04, 31.04, 31.04
412, 30.97, 30.97, 30.97, 30.97
413, 30.65, 30.65, 30.65, 30.65
414, 31.13, 31.13, 31.13, 31.13
415, 31.12, 31.12, 31.12, 31.12
416, 29.02, 29.02, 29.02, 29.02
417, 30.95, 30.95, 30.95, 30.95
418, 29.26, 29.26, 29.26, 29.26
419, 28.93, 28.93, 28.93, 28.93
420, 30.95, 30.95, 30.95, 30.95
421, 30.99, 30.99, 30.99, 30.99
422, 30.16, 30.16, 30.16, 30.16
423, 30.63, 30.63, 30.63, 30.63
424, 32.36, 32.36, 32.36, 32.36
425, 30.55, 30.55, 30.55, 30.55
426, 29.01, 29.01, 29.01, 29.01
427, 32.64, 32.64, 32.64, 32.64
428, 32.43, 32.43, 32.43, 32.43
429, 29.60, 29.60, 29.60, 29.60
430, 31.34, 31.34, 31.34, 31.34
431, 30.06, 30.06, 30.06, 30.06
432, 31.98, 31.98, 31.98, 31.98
433, 32.48, 32.48, 32.48, 32.48
434, 30.44, 30.44, 30.44, 30.44
435, 31.53, 31.53, 31.53, 31.53
436, 30.80, 30.80, 30.80, 30.80
437, 31.25, 31.25, 31.25, 31.25
438, 30.76, 30.76, 30.76, 30.76
439, 29.41, 29.41, 29.41, 29.41
440, 31.11, 31.11, 31.11, 31.11
441, 29.78, 29.78, 29.78, 29.78
442, 31.71, 31.71, 31.71, 31.71
443, 31.24, 31.24, 31.24, 31.24
444, 30.19, 30.19, 30.19, 30.19
445, 31.16, 31.16, 31.16, 31.16
446, 30.85, 30.85, 30.85, 30.85
447, 30.27, 30.27, 30.27, 30.27
448, 31.73, 31.73, 31.73, 31.73
449, 30.29, 30.29, 30.29, 30.29
450, 29.67, 29.67, 29.67, 29.67
451, 31.59, 31.59, 31.59, 31.59
452, 30.27, 30.27, 30.27, 30.27
453, 29.92, 29.92, 29.92, 29.92
454, 32.21, 32.21, 32.21, 32.21
455, 30.09, 30.09, 30.09, 30.09
456, 30.08, 30.08, 30.08, 30.08
457, 29.90, 29.90, 29.90, 29.90
458, 30.72, 30.72, 30.72, 30.72
459, 29.63, 29.63, 29.63, 29.63
460, 29.13, 29.13, 29.13, 29.13
461, 32.37, 32.37, 32.37, 32.37
462, 30.11, 30.11, 30.11, 30.11
463, 29.27, 29.27, 29.27, 29.27
464, 29.79, 29.79, 29.79, 29.79
465, 28.67, 28.67, 28.67, 28.67
466, 31.35, 31.35, 31.35, 31.35
467, 31.08, 31.08, 31.08, 31.08
468, 28.69, 28.69, 28.69, 28.69
469, 29.04, 29.04, 29.04, 29.04
470, 30.13, 30.13, 30.13, 30.13
471, 28.63, 28.63, 28.63, 28.63
472, 29.17, 29.17, 29.17, 29.17
473, 29.48, 29.48, 29.48, 29.48
474, 31.93, 31.93, 31.93, 31.93
475, 29.45, 29.45, 29.45, 29.45
476, 31.80, 31.80, 31.80, 31.80
477, 31.02, 31.02, 31.02, 31.02
478, 31.51, 31.51, 31.51, 31.51
479, 28.70, 28.70, 28.70, 28.70
480, 30.98, 30.98, 30.98, 30.98
481, 29.22, 29.22, 29.22, 29.22
482, 29.75, 29.75, 29.75, 29.75
483, 32.11, 32.11, 32.11, 32.11
484, 30.34, 30.34, 30.34, 30.34
485, 30.45, 30.45, 30.45, 30.45
486, 29.90, 29.90, 29.90, 29.90
487, 30.40, 30.40, 30.40, 30.40
488, 31.55, 31.55, 31.55, 31.55
489, 30.13, 30.13, 30.13, 30.13
490, 29.98, 29.98, 29.98, 29.98
491, 29.14, 29.14, 29.14, 29.14
492, 30.61, 30.61, 30.61, 30.61
493, 30.67, 30.67, 30.67, 30.67
494, 30.17, 30.17, 30.17, 30.17
495, 30.80, 30.80, 30.80, 30.80
496, 31.96, 31.96, 31.96, 31.96
497, 30.23, 30.23, 30.23, 30.23
498, 30.67, 30.67, 30.67, 30.67
499, 30.93, 30.93, 30.93, 30.93
500, 31.29, 31.29, 31.29, 31.29
501, 32.09, 32.09, 32.09, 32.09
502, 31.28, 31.28, 31.28, 31.28
503, 30.66, 30.66, 30.66, 30.66
504, 29.78, 29.78, 29.78, 29.78
505, 29.08, 29.08, 29.08, 29.08
506, 31.60, 31.60, 31.60, 31.60
507, 28.96, 28.96, 28.96, 28.96
508, 33.24, 33.24, 33.24, 33.24
509, 26.37, 26.37, 26.37, 26.37
510, 29.84, 29.84, 29.84, 29.84
511, 29.55, 29.55, 29.55, 29.55
512, 31.38, 31.38, 31.38, 31.38
513, 30.19, 30.19, 30.19, 30.19
514, 30.60, 30.60, 30.60, 30.60
515, 29.39, 29.39, 29.39, 29.39
516, 28.90, 28.90, 28.90, 28.90
517, 28.63, 28.63, 28.63, 28.63
518, 29.76, 29.76, 29.76, 29.76
519, 29.43, 29.43, 29.43, 29.43
520, 29.88, 29.88, 29.88, 29.88
521, 29.85, 29.85, 29.85, 29.85
522, 31.03, 31.03, 31.03, 31.03
523, 30.23, 30.23, 30.23, 30.23
524, 29.39, 29.39, 29.39, 29.39
525, 29.68, 29.68, 29.68, 29.68
526, 28.77, 28.77, 28.77, 28.77
527, 31.62, 31.62, 31.62, 31.62
528, 30.13, 30.13, 30.13, 30.13
529, 28.94, 28.94, 28.94, 28.94
530, 29.94, 29.94, 29.94, 29.94
531, 30.25, 30.25, 30.25, 30.25
532, 30.47, 30.47, 30.47, 30.47
533, 29.04, 29.04, 29.04, 29.04
534, 31.23, 31.23, 31.23, 31.23
535, 31.33, 31.33, 31.33, 31.33
536, 30.15, 30.15, 30.15, 30.15
537, 29.82, 29.82, 29.82, 29.82
538, 30.95, 30.95, 30.95, 30.95
539, 30.09, 30.09, 30.09, 30.09
540, 29.35, 29.35, 29.35, 29.35
541, 30.45, 30.45, 30.45, 30.45
542, 29.10, 29.10, 29.10, 29.10
543, 30.07, 30.07, 30.07, 30.07
544, 30.95, 30.95, 30.95, 30.95
545, 30.97, 30.97, 30.97, 30.97
546, 29.81, 29.81, 29.81, 29.81
547, 29.25, 29.25, 29.25, 29.25
548, 32.56, 32.56, 32.56, 32.56
549, 30.90, 30.90, 30.90, 30.90
550, 31.29, 31.29, 31.29, 31.29
551, 32.50, 32.50, 32.50, 32.50
552, 30.44, 30.44, 30.44, 30.44
553, 30.28, 30.28, 30.28, 30.28
554, 29.18, 29.18, 29.18, 29.18
555, 31.98, 31.98, 31.98, 31.98
556, 29.74, 29.74, 29.74, 29.74
557, 30.29, 30.29, 30.29, 30.29
558, 32.19, 32.19, 32.19, 32.19
559, 29.00, 29.00, 29.00, 29.00
560, 32.36, 32.36, 32.36, 32.36
561, 28.90, 28.90, 28.90, 28.90
562, 30.37, 30.37, 30.37, 30.37
563, 32.37, 32.37, 32.37, 32.37
564, 31.43, 31.43, 31.43, 31.43
565, 32.55, 32.55, 32.55, 32.55
566, 32.02, 32.02, 32.02, 32.02
567, 30.59, 30.59, 30.59, 30.59
568, 30.42, 30.42, 30.42, 30.42
569, 30.05, 30.05, 30.05, 30.05
570, 31.24, 31.24, 31.24, 31.24
571, 32.34, 32.34, 32.34, 32.34
572, 32.78, 32.78, 32.78, 32.78
573, 31.56, 31.56, 31.56, 31.56
574, 32.36, 32.36, 32.36, 32.36
575, 30.49, 30.49, 30.49, 30.49
576, 31.03, 31.03, 31.03, 31.03
577, 31.00, 31.00, 31.00, 31.00
578, 32.01, 32.01, 32.01, 32.01
579, 30.85, 30.85, 30.85, 30.85
580, 30.11, 30.11, 30.11, 30.11
581, 30.18, 30.18, 30.18, 30.18
582, 30.35, 30.35, 30.35, 30.35
583, 33.71, 33.71, 33.71, 33.71
584, 32.22, 32.22, 32.22, 32.22
585, 30.95, 30.95, 30.95, 30.95
586, 31.01, 31.01, 31.01, 31.01
587, 33.14, 33.14, 33.14, 33.14
588, 32.80, 32.80, 32.80, 32.80
589, 30.67, 30.67, 30.67, 30.67
590, 30.40, 30.40, 30.40, 30.40
591, 31.98, 31.98, 31.98, 31.98
592, 33.12, 33.12, 33.12, 33.12
593, 31.16, 31.16, 31.16, 31.16
594, 31.69, 31.69, 31.69, 31.69
595, 31.46, 31.46, 31.46, 31.46
596, 32.97, 32.97, 32.97, 32.97
597, 30.00, 30.00, 30.00, 30.00
598, 29.31, 29.31, 29.31, 29.31
599, 31.94, 31.94, 31.94, 31.94
600, 29.96, 29.96, 29.96, 29.96
601, 32.15, 32.15, 32.15, 32.15
602, 32.12, 32.12, 32.12, 32.12
603, 32.25, 32.25, 32.25, 32.25
604, 30.61, 30.61, 30.61, 30.61
605, 29.91, 29.91, 29.91, 29.91
606, 30.61, 30.61, 30.61, 30.61
607, 31.44, 31.44, 31.44, 31.44
608, 31.15, 31.15, 31.15, 31.15
609, 30.63, 30.63, 30.63, 30.63
610, 31.27, 31.27, 31.27, 31.27
611, 29.58, 29.58, 29.58, 29.58
612, 32.29, 32.29, 32.29, 32.29
613, 32.48, 32.48, 32.48, 32.48
614, 32.37, 32.37, 32.37, 32.37
615, 32.35, 32.35, 32.35, 32.35
616, 29.75, 29.75, 29.75, 29.75
617, 30.50, 30.50, 30.50, 30.50
618, 30.55, 30.55, 30.55, 30.55
619, 31.88, 31.88, 31.88, 31.88
620, 32.60, 32.60, 32.60, 32.60
621, 31.75, 31.75, 31.75, 31.75
622, 30.42, 30.42, 30.42, 30.42
623, 31.69, 31.69, 31.69, 31.69
624, 31.61, 31.61, 31.61, 31.61
625, 31.25, 31.25, 31.25, 31.25
626, 29.21, 29.21, 29.21, 29.21
627, 30.49, 30.49, 30.49, 30.49
628, 31.61, 31.61, 31.61, 31.61
629, 30.17, 30.17, 30.17, 30.17
630, 29.91, 29.91, 29.91, 29.91
631, 31.93, 31.93, 31.93, 31.93
632, 31.65, 31.65, 31.65, 31.65
633, 29.24, 29.24, 29.24, 29.24
634, 32.19, 32.19, 32.19, 32.19
635, 31.84, 31.84, 31.84, 31.84
636, 31.12, 31.12, 31.12, 31.12
637, 29.76, 29.76, 29.76, 29.76
638, 32.41, 32.41, 32.41, 32.41
639, 30.97, 30.97, 30.97, 30.97
640, 30.85, 30.85, 30.85, 30.85
641, 31.80, 31.80, 31.80, 31.80
642, 31.00, 31.00, 31.00, 31.00
643, 31.23, 31.23, 31.23, 31.23
644, 31.24, 31.24, 31.24, 31.24
645, 29.81, 29.81, 29.81, 29.81
646, 29.32, 29.32, 29.32, 29.32
647, 31.84, 31.84, 31.84, 31.84
648, 30.63, 30.63, 30.63, 30.63
649, 30.40, 30.40, 30.40, 30.40
650, 28.54, 28.54, 28.54, 28.54
651, 29.85, 29.85, 29.85, 29.85
652, 29.82, 29.82, 29.82, 29.82
653, 28.81, 28.81, 28.81, 28.81
654, 28.76, 28.76, 28.76, 28.76
655, 29.96, 29.96, 29.96, 29.96
656, 29.53, 29.53, 29.53, 29.53
657, 28.50, 28.50, 28.50, 28.50
658, 30.62, 30.62, 30.62, 30.62
659, 30.08, 30.08, 30.08, 30.08
660, 30.30, 30.30, 30.30, 30.30
661, 28.39, 28.39, 28.39, 28.39
662, 31.08, 31.08, 31.08, 31.08
663, 30.53, 30.53, 30.53, 30.53
664, 32.01, 32.01, 32.01, 32.01
665, 29.57, 29.57, 29.57, 29.57
666, 30.14, 30.14, 30.14, 30.14
667, 28.13, 28.13, 28.13, 28.13
668, 28.18, 28.18, 28.18, 28.18
669, 29.87, 29.87, 29.87, 29.87
670, 28.42, 28.42, 28.42, 28.42
671, 31.23, 31.23, 31.23, 31.23
672, 26.97, 26.97, 26.97, 26.97
673, 28.26, 28.26, 28.26, 28.26
674, 30.15, 30.15, 30.15, 30.15
675, 29.77, 29.77, 29.77, 29.77
676, 30.17, 30.17, 30.17, 30.17
677, 28.27, 28.27, 28.27, 28.27
678, 28.10, 28.10, 28.10, 28.10
679, 33.04, 33.04, 33.04, 33.04
680, 29.99, 29.99, 29.99, 29.99
681, 29.41, 29.41, 29.41, 29.41
682, 30.16, 30.16, 30.16, 30.16
683, 28.75, 28.75, 28.75, 28.75
684, 28.73, 28.73, 28.73, 28.73
685, 29.26, 29.26, 29.26, 29.26
686, 28.95, 28.95, 28.95, 28.95
687, 29.03, 29.03, 29.03, 29.03
688, 30.44, 30.44, 30.44, 30.44
689, 30.82, 30.82, 30.82, 30.82
690, 30.97, 30.97, 30.97, 30.97
691, 30.40, 30.40, 30.40, 30.40
692, 28.76, 28.76, 28.76, 28.76
693, 29.91, 29.91, 29.91, 29.91
694, 29.58, 29.58, 29.58, 29.58
695, 30.41, 30.41, 30.41, 30.41
696, 31.74, 31.74, 31.74, 31.74
697, 30.06, 30.06, 30.06, 30.06
698, 29.15, 29.15, 29.15, 29.15
699, 28.90, 28.90, 28.90, 28.90
700, 29.34, 29.34, 29.34, 29.34
701, 30.40, 30.40, 30.40, 30.40
702, 27.93, 27.93, 27.93, 27.93
703, 27.57, 27.57, 27.57, 27.57
704, 29.40, 29.40, 29.40, 29.40
705, 30.44, 30.44, 30.44, 30.44
706, 27.84, 27.84, 27.84, 27.84
707, 30.84, 30.84, 30.84, 30.84
708, 30.16, 30.16, 30.16, 30.16
709, 29.66, 29.66, 29.66, 29.66
710, 29.00, 29.00, 29.00, 29.00
711, 29.66, 29.66, 29.66, 29.66
712, 30.14, 30.14, 30.14, 30.14
713, 30.54, 30.54, 30.54, 30.54
714, 29.95, 29.95, 29.95, 29.95
715, 29.31, 29.31, 29.31, 29.31
716, 28.99, 28.99, 28.99, 28.99
717, 29.01, 29.01, 29.01, 29.01
718, 27.77, 27.77, 27.77, 27.77
719, 27.91, 27.91, 27.91, 27.91
720, 28.11, 28.11, 28.11, 28.11
721, 27.77, 27.77, 27.77, 27.77
722, 27.22, 27.22, 27.22, 27.22
723, 29.63, 29.63, 29.63, 29.63
724, 28.75, 28.75, 28.75, 28.75
725, 29.27, 29.27, 29.27, 29.27
726, 28.19, 28.19, 28.19, 28.19
727, 27.85, 27.85, 27.85, 27.85
728, 29.15, 29.15, 29.15, 29.15
729, 30.08, 30.08, 30.08, 30.08
730, 28.89, 28.89, 28.89, 28.89
731, 29.27, 29.27, 29.27, 29.27
732, 27.73, 27.73, 27.73, 27.73
733, 27.80, 27.80, 27.80, 27.80
734, 29.82, 29.82, 29.82, 29.82
735, 29.19, 29.19, 29.19, 29.19
736, 28.76, 28.76, 28.76, 28.76
737, 28.57, 28.57, 28.57, 28.57
738, 27.20, 27.20, 27.20, 27.20
739, 26.66, 26.66, 26.66, 26.66
740, 26.75, 26.75, 26.75, 26.75
741, 29.50, 29.50, 29.50, 29.50
742, 29.08, 29.08, 29.08, 29.08
743, 29.03, 29.03, 29.03, 29.03
744, 29.34, 29.34, 29.34, 29.34
745, 27.63, 27.63, 27.63, 27.63
746, 27.57, 27.57, 27.57, 27.57
747, 27.02, 27.02, 27.02, 27.02
748, 28.62, 28.62, 28.62, 28.62
749, 27.95, 27.95, 27.95, 27.95
750, 28.80, 28.80, 28.80, 28.80
751, 28.93, 28.93, 28.93, 28.93
752, 27.35, 27.35, 27.35, 27.35
753, 28.76, 28.76, 28.76, 28.76
754, 28.91, 28.91, 28.91, 28.91
755, 29.18, 29.18, 29.18, 29.18
756, 28.92, 28.92, 28.92, 28.92
757, 26.10, 26.10, 26.10, 26.10
758, 27.95, 27.95, 27.95, 27.95
759, 26.37, 26.37, 26.37, 26.37
760, 27.01, 27.01, 27.01, 27.01
761, 28.05, 28.05, 28.05, 28.05
762, 26.35, 26.35, 26.35, 26.35
763, 29.55, 29.55, 29.55, 29.55
764, 26.11, 26.11, 26.11, 26.11
765, 28.90, 28.90, 28.90, 28.90
766, 27.79, 27.79, 27.79, 27.79
767, 29.39, 29.39, 29.39, 29.39
768, 27.91, 27.91, 27.91, 27.91
769, 27.10, 27.10, 27.10, 27.10
770, 26.32, 26.32, 26.32, 26.32
771, 27.49, 27.49, 27.49, 27.49
772, 26.28, 26.28, 26.28, 26.28
773, 25.18, 25.18, 25.18, 25.18
774, 25.51, 25.51, 25.51, 25.51
775, 27.65, 27.65, 27.65, 27.65
776, 26.66, 26.66, 26.66, 26.66
777, 25.62, 25.62, 25.62, 25.62
778, 25.48, 25.48, 25.48, 25.48
779, 28.21, 28.21, 28.21, 28.21
780, 27.16, 27.16, 27.16, 27.16
781, 26.29, 26.29, 26.29, 26.29
782, 25.42, 25.42, 25.42, 25.42
783, 27.90, 27.90, 27.90, 27.90
784, 27.18, 27.18, 27.18, 27.18
785, 27.80, 27.80, 27.80, 27.80
786, 25.94, 25.94, 25.94, 25.94
787, 26.85, 26.85, 26.85, 26.85
788, 27.69, 27.69, 27.69, 27.69
789, 25.48, 25.48, 25.48, 25.48
790, 24.91, 24.91, 24.91, 24.91
791, 26.61, 26.61, 26.61, 26.61
792, 27.26, 27.26, 27.26, 27.26
793, 27.87, 27.87, 27.87, 27.87
794, 27.04, 27.04, 27.04, 27.04
795, 26.31, 26.31, 26.31, 26.31
796, 25.68, 25.68, 25.68, 25.68
797, 26.53, 26.53, 26.53, 26.53
798, 25.16, 25.16, 25.16, 25.16
799, 24.95, 24.95, 24.95, 24.95
800, 25.21, 25.21, 25.21, 25.21
801, 24.96, 24.96, 24.96, 24.96
802, 25.74, 25.74, 25.74, 25.74
803, 25.79, 25.79, 25.79, 25.79
804, 26.46, 26.46, 26.46, 26.46
805, 27.13, 27.13, 27.13, 27.13
806, 27.95, 27.95, 27.95, 27.95
807, 26.97, 26.97, 26.97, 26.97
808, 25.20, 25.20, 25.20, 25.20
809, 26.31, 26.31, 26.31, 26.31
810, 27.57, 27.57, 27.57, 27.57
811, 25.10, 25.10, 25.10, 25.10
812, 27.09, 27.09, 27.09, 27.09
813, 27.31, 27.31, 27.31, 27.31
814, 26.09, 26.09, 26.09, 26.09
815, 27.24, 27.24, 27.24, 27.24
816, 25.11, 25.11, 25.11, 25.11
817, 26.86, 26.86, 26.86, 26.86
818, 26.10, 26.10, 26.10, 26.10
819, 27.17, 27.17, 27.17, 27.17
820, 24.87, 24.87, 24.87, 24.87
821, 24.24, 24.24, 24.24, 24.24
822, 27.06, 27.06, 27.06, 27.06
823, 26.22, 26.22, 26.22, 26.22
824, 27.59, 27.59, 27.59, 27.59
825, 26.24, 26.24, 26.24, 26.24
826, 25.52, 25.52, 25.52, 25.52
827, 25.46, 25.46, 25.46, 25.46
828, 27.04, 27.04, 27.04, 27.04
829, 24.71, 24.71, 24.71, 24.71
830, 26.47, 26.47, 26.47, 26.47
831, 24.90, 24.90, 24.90, 24.90
832, 24.46, 24.46, 24.46, 24.46
833, 24.32, 24.32, 24.32, 24.32
834, 26.82, 26.82, 26.82, 26.82
835, 24.92, 24.92, 24.92, 24.92
836, 26.98, 26.98, 26.98, 26.98
837, 26.97, 26.97, 26.97, 26.97
838, 26.56, 26.56, 26.56, 26.56
839, 24.63, 24.63, 24.63, 24.63
840, 26.54, 26.54, 26.54, 26.54
841, 25.95, 25.95, 25.95, 25.95
842, 26.49, 26.49, 26.49, 26.49
843, 27.34, 27.34, 27.34, 27.34
844, 25.04, 25.04, 25.04, 25.04
845, 26.47, 26.47, 26.47, 26.47
846, 25.65, 25.65, 25.65, 25.65
847, 26.33, 26.33, 26.33, 26.33
848, 25.28, 25.28, 25.28, 25.28
849, 25.33, 25.33, 25.33, 25.33
850, 26.71, 26.71, 26.71, 26.71
851, 24.98, 24.98, 24.98, 24.98
852, 32.46, 32.46, 32.46, 32.46
853, 17.95, 17.95, 17.95, 17.95
854, 25.93, 25.93, 25.93, 25.93
855, 26.05, 26.05, 26.05, 26.05
856, 25.96, 25.96, 25.96, 25.96
857, 25.16, 25.16, 25.16, 25.16
858, 25.04, 25.04, 25.04, 25.04
859, 27.66, 27.66, 27.66, 27.66
860, 27.28, 27.28, 27.28, 27.28
861, 26.80, 26.80, 26.80, 26.80
862, 25.65, 25.65, 25.65, 25.65
863, 26.72, 26.72, 26.72, 26.72
864, 27.36, 27.36, 27.36, 27.36
865, 25.82, 25.82, 25.82, 25.82
866, 25.41, 25.41, 25.41, 25.41
867, 24.90, 24.90, 24.90, 24.90
868, 24.35, 24.35, 24.35, 24.35
869, 26.55, 26.55, 26.55, 26.55
870, 27.88, 27.88, 27.88, 27.88
871, 24.18, 24.18, 24.18, 24.18
872, 26.40, 26.40, 26.40, 26.40
873, 24.40, 24.40, 24.40, 24.40
874, 24.68, 24.68, 24.68, 24.68
875, 25.47, 25.47, 25.47, 25.47
876, 26.69, 26.69, 26.69, 26.69
877, 25.54, 25.54, 25.54, 25.54
878, 26.34, 26.34, 26.34, 26.34
879, 24.67, 24.67, 24.67, 24.67
880, 25.83, 25.83, 25.83, 25.83
881, 25.95, 25.95, 25.95, 25.95
882, 25.27, 25.27, 25.27, 25.27
883, 26.14, 26.14, 26.14, 26.14
884, 25.86, 25.86, 25.86, 25.86
885, 26.05, 26.05, 26.05, 26.05
886, 26.29, 26.29, 26.29, 26.29
887, 25.33, 25.33, 25.33, 25.33
888, 27.61, 27.61, 27.61, 27.61
889, 26.21, 26.21, 26.21, 26.21
890, 27.93, 27.93, 27.93, 27.93
891, 25.58, 25.58, 25.58, 25.58
892, 27.80, 27.80, 27.80, 27.80
893, 27.33, 27.33, 27.33, 27.33
894, 27.99, 27.99, 27.99, 27.99
895, 25.62, 25.62, 25.62, 25.62
896, 25.42, 25.42, 25.42, 25.42
897, 25.02, 25.02, 25.02, 25.02
898, 26.11, 26.11, 26.11, 26.11
899, 24.66, 24.66, 24.66, 24.66
900, 25.38, 25.38, 25.38, 25.38
901, 26.42, 26.42, 26.42, 26.42
902, 26.30, 26.30, 26.30, 26.30
903, 25.96, 25.96, 25.96, 25.96
904, 26.56, 26.56, 26.56, 26.56
905, 27.52, 27.52, 27.52, 27.52
906, 28.64, 28.64, 28.64, 28.64
907, 25.32, 25.32, 25.32, 25.32
908, 25.36, 25.36, 25.36, 25.36
909, 28.56, 28.56, 28.56, 28.56
910, 28.15, 28.15, 28.15, 28.15
911, 25.44, 25.44, 25.44, 25.44
912, 25.84, 25.84, 25.84, 25.84
913, 26.95, 26.95, 26.95, 26.95
914, 27.40, 27.40, 27.40, 27.40
915, 25.04, 25.04, 25.04, 25.04
916, 26.56, 26.56, 26.56, 26.56
917, 25.99, 25.99, 25.99, 25.99
918, 24.88, 24.88, 24.88, 24.88
919, 25.33, 25.33, 25.33, 25.33
920, 24.79, 24.79, 24.79, 24.79
921, 25.04, 25.04, 25.04, 25.04
922, 25.30, 25.30, 25.30, 25.30
923, 24.67, 24.67, 24.67, 24.67
924, 27.63, 27.63, 27.63, 27.63
925, 25.73, 25.73, 25.73, 25.73
926, 25.58, 25.58, 25.58, 25.58
927, 25.84, 25.84, 25.84, 25.84
928, 26.13, 26.13, 26.13, 26.13
929, 25.96, 25.96, 25.96, 25.96
930, 25.04, 25.04, 25.04, 25.04
931, 25.55, 25.55, 25.55, 25.55
932, 26.57, 26.57, 26.57, 26.57
933, 24.77, 24.77, 24.77, 24.77
934, 26.21, 26.21, 26.21, 26.21
935, 24.96, 24.96, 24.96, 24.96
936, 25.97, 25.97, 25.97, 25.97
937, 27.34, 27.34, 27.34, 27.34
938, 26.07, 26.07, 26.07, 26.07
939, 25.57, 25.57, 25.57, 25.57
940, 25.08, 25.08, 25.08, 25.08
941, 27.37, 27.37, 27.37, 27.37
942, 26.94, 26.94, 26.94, 26.94
943, 24.72, 24.72, 24.72, 24.72
944, 25.02, 25.02, 25.02, 25.02
945, 25.43, 25.43, 25.43, 25.43
946, 27.60, 27.60, 27.60, 27.60
947, 25.12, 25.12, 25.12, 25.12
948, 26.48, 26.48, 26.48, 26.48
949, 27.19, 27.19, 27.19, 27.19
950, 26.19, 26.19, 26.19, 26.19
951, 24.91, 24.91, 24.91, 24.91
952, 25.47, 25.47, 25.47, 25.47
953, 24.93, 24.93, 24.93, 24.93
954, 26.56, 26.56, 26.56, 26.56
955, 27.17, 27.17, 27.17, 27.17
956, 25.40, 25.40, 25.40, 25.40
957, 26.98, 26.98, 26.98, 26.98
958, 26.64, 26.64, 26.64, 26.64
959, 25.28, 25.28, 25.28, 25.28
960, 26.57, 26.57, 26.57, 26.57
961, 25.40, 25.40, 25.40, 25.40
962, 26.40, 26.40, 26.40, 26.40
963, 26.74, 26.74, 26.74, 26.74
964, 25.53, 25.53, 25.53, 25.53
965, 28.17, 28.17, 28.17, 28.17
966, 28.49, 28.49, 28.49, 28.49
967, 25.64, 25.64, 25.64, 25.64
968, 25.46, 25.46, 25.46, 25.46
969, 25.87, 25.87, 25.87, 25.87
970, 27.23, 27.23, 27.23, 27.23
971, 26.61, 26.61, 26.61, 26.61
972, 25.66, 25.66, 25.66, 25.66
973, 24.91, 24.91, 24.91, 24.91
974, 27.80, 27.80, 27.80, 27.80
975, 25.99, 25.99, 25.99, 25.99
976, 25.35, 25.35, 25.35, 25.35
977, 27.36, 27.36, 27.36, 27.36
978, 26.52, 26.52, 26.52, 26.52
979, 26.78, 26.78, 26.78, 26.78
980, 25.14, 25.14, 25.14, 25.14
981, 26.63, 26.63, 26.63, 26.63
982, 25.49, 25.49, 25.49, 25.49
983, 27.10, 27.10, 27.10, 27.10
984, 27.62, 27.62, 27.62, 27.62
985, 27.10, 27.10, 27.10, 27.10
986, 25.81, 25.81, 25.81, 25.81
987, 25.52, 25.52, 25.52, 25.52
988, 27.17, 27.17, 27.17, 27.17
989, 27.05, 27.05, 27.05, 27.05
990, 27.04, 27.04, 27.04, 27.04
991, 25.85, 25.85, 25.85, 25.85
992, 28.19, 28.19, 28.19, 28.19
993, 27.29, 27.29, 27.29, 27.29
994, 26.98, 26.98, 26.98, 26.98
995, 27.01, 27.01, 27.01, 27.01
996, 26.00, 26.00, 26.00, 26.00
997, 25.45, 25.45, 25.45, 25.45
998, 27.28, 27.28, 27.28, 27.28
999, 25.53, 25.53, 25.53, 25.53
1000, 27.44, 27.44, 27.44, 27.44
1001, 25.98, 25.98, 25.98, 25.98
1002, 27.22, 27.22, 27.22, 27.22
1003, 27.21, 27.21, 27.21, 27.21
1004, 25.48, 25.48, 25.48, 25.48
1005, 25.11, 25.11, 25.11, 25.11
1006, 25.80, 25.80, 25.80, 25.80
1007, 25.76, 25.76, 25.76, 25.76
1008, 26.17, 26.17, 26.17, 26.17
1009, 27.34, 27.34, 27.34, 27.34
1010, 26.12, 26.12, 26.12, 26.12
1011, 26.99, 26.99, 26.99, 26.99
1012, 27.15, 27.15, 27.15, 27.15
1013, 26.26, 26.26, 26.26, 26.26
1014, 30.89, 30.89, 30.89, 30.89
1015, 27.32, 27.32, 27.32, 27.32
1016, 27.69, 27.69, 27.69, 27.69
1017, 27.15, 27.15, 27.15, 27.15
1018, 26.77, 26.77, 26.77, 26.77
1019, 27.11, 27.11, 27.11, 27.11
1020, 27.38, 27.38, 27.38, 27.38
1021, 25.65, 25.65, 25.65, 25.65
1022, 26.39, 26.39, 26.39, 26.39
1023, 26.87, 26.87, 26.87, 26.87
1024, 26.21, 26.21, 26.21, 26.21
1025, 26.06, 26.06, 26.06, 26.06
1026, 27.42, 27.42, 27.42, 27.42
1027, 25.57, 25.57, 25.57, 25.57
1028, 25.54, 25.54, 25.54, 25.54
1029, 26.73, 26.73, 26.73, 26.73
1030, 25.57, 25.57, 25.57, 25.57
1031, 26.73, 26.73, 26.73, 26.73
1032, 26.17, 26.17, 26.17, 26.17
1033, 26.02, 26.02, 26.02, 26.02
1034, 27.73, 27.73, 27.73, 27.73
1035, 27.73, 27.73, 27.73, 27.73
1036, 26.65, 26.65, 26.65, 26.65
1037, 27.13, 27.13, 27.13, 27.13
1038, 27.64, 27.64, 27.64, 27.64
1039, 25.46, 25.46, 25.46, 25.46
1040, 24.97, 24.97, 24.97, 24.97
1041, 25.11, 25.11, 25.11, 25.11
1042, 25.77, 25.77, 25.77, 25.77
1043, 33.09, 33.09, 33.09, 33.09
1044, 18.40, 18.40, 18.40, 18.40
1045, 29.33, 29.33, 29.33, 29.33
1046, 26.68, 26.68, 26.68, 26.68
1047, 26.27, 26.27, 26.27, 26.27
1048, 25.26, 25.26, 25.26, 25.26
1049, 25.05, 25.05, 25.05, 25.05
1050, 25.82, 25.82, 25.82, 25.82
1051, 25.86, 25.86, 25.86, 25.86
1052, 25.39, 25.39, 25.39, 25.39
1053, 26.03, 26.03, 26.03, 26.03
1054, 25.85, 25.85, 25.85, 25.85
1055, 25.57, 25.57, 25.57, 25.57
1056, 26.63, 26.63, 26.63, 26.63
1057, 26.38, 26.38, 26.38, 26.38
1058, 26.51, 26.51, 26.51, 26.51
1059, 26.34, 26.34, 26.34, 26.34
1060, 26.49, 26.49, 26.49, 26.49
1061, 27.59, 27.59, 27.59, 27.59
1062, 25.54, 25.54, 25.54, 25.54
1063, 26.84, 26.84, 26.84, 26.84
1064, 26.68, 26.68, 26.68, 26.68
1065, 27.76, 27.76, 27.76, 27.76
1066, 25.44, 25.44, 25.44, 25.44
1067, 27.60, 27.60, 27.60, 27.60
1068, 26.26, 26.26, 26.26, 26.26
1069, 25.93, 25.93, 25.93, 25.93
1070, 25.63, 25.63, 25.63, 25.63
1071, 27.41, 27.41, 27.41, 27.41
1072, 26.44, 26.44, 26.44, 26.44
1073, 27.15, 27.15, 27.15, 27.15
1074, 25.56, 25.56, 25.56, 25.56
1075, 26.44, 26.44, 26.44, 26.44
1076, 26.31, 26.31, 26.31, 26.31
1077, 25.61, 25.61, 25.61, 25.61
1078, 25.10, 25.10, 25.10, 25.10
1079, 25.15, 25.15, 25.15, 25.15
1080, 27.03, 27.03, 27.03, 27.03
1081, 27.19, 27.19, 27.19, 27.19
1082, 25.63, 25.63, 25.63, 25.63
1083, 25.86, 25.86, 25.86, 25.86
1084, 25.34, 25.34, 25.34, 25.34
1085, 26.42, 26.42, 26.42, 26.42
1086, 27.34, 27.34, 27.34, 27.34
1087, 25.99, 25.99, 25.99, 25.99
1088, 26.41, 26.41, 26.41, 26.41
1089, 26.27, 26.27, 26.27, 26.27
1090, 26.17, 26.17, 26.17, 26.17
1091, 24.90, 24.90, 24.90, 24.90
1092, 25.21, 25.21, 25.21, 25.21
1093, 26.65, 26.65, 26.65, 26.65
1094, 26.22, 26.22, 26.22, 26.22
1095, 26.28, 26.28, 26.28, 26.28
1096, 27.45, 27.45, 27.45, 27.45
1097, 26.75, 26.75, 26.75, 26.75
1098, 25.37, 25.37, 25.37, 25.37
1099, 25.39, 25.39, 25.39, 25.39
1100, 26.76, 26.76, 26.76, 26.76
1101, 27.96, 27.96, 27.96, 27.96
1102, 25.28, 25.28, 25.28, 25.28
1103, 25.22, 25.22, 25.22, 25.22
1104, 25.84, 25.84, 25.84, 25.84
1105, 25.94, 25.94, 25.94, 25.94
1106, 27.03, 27.03, 27.03, 27.03
1107, 27.44, 27.44, 27.44, 27.44
1108, 25.38, 25.38, 25.38, 25.38
1109, 25.91, 25.91, 25.91, 25.91
1110, 25.55, 25.55, 25.55, 25.55
1111, 25.08, 25.08, 25.08, 25.08
1112, 25.17, 25.17, 25.17, 25.17
1113, 25.58, 25.58, 25.58, 25.58
1114, 25.06, 25.06, 25.06, 25.06
1115, 25.78, 25.78, 25.78, 25.78
1116, 28.06, 28.06, 28.06, 28.06
1117, 27.28, 27.28, 27.28, 27.28
1118, 26.39, 26.39, 26.39, 26.39
1119, 27.48, 27.48, 27.48, 27.48
1120, 26.23, 26.23, 26.23, 26.23
1121, 27.26, 27.26, 27.26, 27.26
1122, 26.30, 26.30, 26.30, 26.30
1123, 26.68, 26.68, 26.68, 26.68
1124, 25.04, 25.04, 25.04, 25.04
1125, 26.49, 26.49, 26.49, 26.49
1126, 26.38, 26.38, 26.38, 26.38
1127, 25.45, 25.45, 25.45, 25.45
1128, 26.19, 26.19, 26.19, 26.19
1129, 25.21, 25.21, 25.21, 25.21
1130, 24.78, 24.78, 24.78, 24.78
1131, 24.75, 24.75, 24.75, 24.75
1132, 25.43, 25.43, 25.43, 25.43
1133, 27.31, 27.31, 27.31, 27.31
1134, 27.09, 27.09, 27.09, 27.09
1135, 24.67, 24.67, 24.67, 24.67
1136, 26.57, 26.57, 26.57, 26.57
1137, 25.23, 25.23, 25.23, 25.23
1138, 26.56, 26.56, 26.56, 26.56
1139, 25.18, 25.18, 25.18, 25.18
1140, 24.97, 24.97, 24.97, 24.97
1141, 26.98, 26.98, 26.98, 26.98
1142, 24.43, 24.43, 24.43, 24.43
1143, 24.81, 24.81, 24.81, 24.81
1144, 25.67, 25.67, 25.67, 25.67
1145, 26.93, 26.93, 26.93, 26.93
1146, 25.32, 25.32, 25.32, 25.32
1147, 26.86, 26.86, 26.86, 26.86
1148, 27.49, 27.49, 27.49, 27.49
1149, 26.79, 26.79, 26.79, 26.79
1150, 27.66, 27.66, 27.66, 27.66
1151, 25.87, 25.87, 25.87, 25.87
1152, 25.50, 25.50, 25.50, 25.50
1153, 25.38, 25.38, 25.38, 25.38
1154, 26.14, 26.14, 26.14, 26.14
1155, 26.46, 26.46, 26.46, 26.46
1156, 25.67, 25.67, 25.67, 25.67
1157, 26.81, 26.81, 26.81, 26.81
1158, 25.99, 25.99, 25.99, 25.99
1159, 26.00, 26.00, 26.00, 26.00
1160, 26.05, 26.05, 26.05, 26.05
1161, 25.85, 25.85, 25.85, 25.85
1162, 26.41, 26.41, 26.41, 26.41
1163, 25.98, 25.98, 25.98, 25.98
1164, 25.31, 25.31, 25.31, 25.31
1165, 26.61, 26.61, 26.61, 26.61
1166, 27.17, 27.17, 27.17, 27.17
1167, 24.47, 24.47, 24.47, 24.47
1168, 26.62, 26.62, 26.62, 26.62
1169, 25.35, 25.35, 25.35, 25.35
1170, 26.59, 26.59, 26.59, 26.59
1171, 26.20, 26.20, 26.20, 26.20
1172, 25.11, 25.11, 25.11, 25.11
1173, 26.25, 26.25, 26.25, 26.25
1174, 26.10, 26.10, 26.10, 26.10
1175, 24.27, 24.27, 24.27, 24.27
1176, 24.15, 24.15, 24.15, 24.15
1177, 25.93, 25.93, 25.93, 25.93
1178, 24.30, 24.30, 24.30, 24.30
1179, 25.24, 25.24, 25.24, 25.24
1180, 26.35, 26.35, 26.35, 26.35
1181, 26.20, 26.20, 26.20, 26.20
1182, 25.83, 25.83, 25.83, 25.83
1183, 26.90, 26.90, 26.90, 26.90
1184, 26.61, 26.61, 26.61, 26.61
1185, 24.69, 24.69, 24.69, 24.69
1186, 24.62, 24.62, 24.62, 24.62
1187, 25.83, 25.83, 25.83, 25.83
1188, 26.74, 26.74, 26.74, 26.74
1189, 24.49, 24.49, 24.49, 24.49
1190, 25.15, 25.15, 25.15, 25.15
1191, 23.85, 23.85, 23.85, 23.85
1192, 24.98, 24.98, 24.98, 24.98
1193, 25.73, 25.73, 25.73, 25.73
1194, 26.11, 26.11, 26.11, 26.11
1195, 24.68, 24.68, 24.68, 24.68
1196, 26.75, 26.75, 26.75, 26.75
1197, 25.28, 25.28, 25.28, 25.28
1198, 24.55, 24.55, 24.55, 24.55
1199, 25.50, 25.50, 25.50, 25.50
1200, 26.70, 26.70, 26.70, 26.70
1201, 26.42, 26.42, 26.42, 26.42
1202, 26.16, 26.16, 26.16, 26.16
1203, 26.43, 26.43, 26.43, 26.43
1204, 28.03, 28.03, 28.03, 28.03
1205, 27.24, 27.24, 27.24, 27.24
1206, 25.77, 25.77, 25.77, 25.77
1207, 24.96, 24.96, 24.96, 24.96
1208, 25.10, 25.10, 25.10, 25.10
1209, 26.81, 26.81, 26.81, 26.81
1210, 24.92, 24.92, 24.92, 24.92
1211, 24.29, 24.29, 24.29, 24.29
1212, 24.83, 24.83, 24.83, 24.83
1213, 25.39, 25.39, 25.39, 25.39
1214, 25.82, 25.82, 25.82, 25.82
1215, 26.76, 26.76, 26.76, 26.76
1216, 26.22, 26.22, 26.22, 26.22
1217, 26.65, 26.65, 26.65, 26.65
1218, 25.08, 25.08, 25.08, 25.08
1219, 26.54, 26.54, 26.54, 26.54
1220, 26.25, 26.25, 26.25, 26.25
1221, 26.28, 26.28, 26.28, 26.28
1222, 27.26, 27.26, 27.26, 27.26
1223, 26.33, 26.33, 26.33, 26.33
1224, 26.84, 26.84, 26.84, 26.84
1225, 24.97, 24.97, 24.97, 24.97
1226, 25.16, 25.16, 25.16, 25.16
1227, 26.19, 26.19, 26.19, 26.19
1228, 27.36, 27.36, 27.36, 27.36
1229, 25.19, 25.19, 25.19, 25.19
1230, 27.07, 27.07, 27.07, 27.07
1231, 25.63, 25.63, 25.63, 25.63
1232, 27.41, 27.41, 27.41, 27.41
1233, 26.75, 26.75, 26.75, 26.75
1234, 26.75, 26.75, 26.75, 26.75
1235, 32.12, 32.12, 32.12, 32.12
1236, 18.91, 18.91, 18.91, 18.91
1237, 25.05, 25.05, 25.05, 25.05
1238, 26.51, 26.51, 26.51, 26.51
1239, 27.63, 27.63, 27.63, 27.63
1240, 26.61, 26.61, 26.61, 26.61
1241, 28.26, 28.26, 28.26, 28.26
1242, 26.54, 26.54, 26.54, 26.54
1243, 26.64, 26.64, 26.64, 26.64
1244, 25.26, 25.26, 25.26, 25.26
1245, 26.37, 26.37, 26.37, 26.37
1246, 26.90, 26.90, 26.90, 26.90
1247, 26.58, 26.58, 26.58, 26.58
1248, 26.15, 26.15, 26.15, 26.15
1249, 26.45, 26.45, 26.45, 26.45
1250, 25.03, 25.03, 25.03, 25.03
1251, 26.53, 26.53, 26.53, 26.53
1252, 25.06, 25.06, 25.06, 25.06
1253, 24.72, 24.72, 24.72, 24.72
1254, 26.88, 26.88, 26.88, 26.88
1255, 26.58, 26.58, 26.58, 26.58
1256, 24.56, 24.56, 24.56, 24.56
1257, 25.63, 25.63, 25.63, 25.63
1258, 25.15, 25.15, 25.15, 25.15
1259, 24.65, 24.65, 24.65, 24.65
1260, 24.63, 24.63, 24.63, 24.63
1261, 26.64, 26.64, 26.64, 26.64
1262, 24.75, 24.75, 24.75, 24.75
1263, 25.39, 25.39, 25.39, 25.39
1264, 24.90, 24.90, 24.90, 24.90
1265, 25.35, 25.35, 25.35, 25.35
1266, 24.61, 24.61, 24.61, 24.61
1267, 25.85, 25.85, 25.85, 25.85
1268, 26.52, 26.52, 26.52, 26.52
1269, 25.34, 25.34, 25.34, 25.34
1270, 26.95, 26.95, 26.95, 26.95
1271, 25.95, 25.95, 25.95, 25.95
1272, 25.81, 25.81, 25.81, 25.81
1273, 26.82, 26.82, 26.82, 26.82
1274, 27.06, 27.06, 27.06, 27.06
1275, 27.12, 27.12, 27.12, 27.12
1276, 27.77, 27.77, 27.77, 27.77
1277, 25.98, 25.98, 25.98, 25.98
1278, 25.53, 25.53, 25.53, 25.53
1279, 25.44, 25.44, 25.44, 25.44
1280, 26.15, 26.15, 26.15, 26.15
1281, 27.89, 27.89, 27.89, 27.89
1282, 29.27, 29.27, 29.27, 29.27
1283, 26.27, 26.27, 26.27, 26.27
1284, 28.01, 28.01, 28.01, 28.01
1285, 27.41, 27.41, 27.41, 27.41
1286, 26.24, 26.24, 26.24, 26.24
1287, 28.77, 28.77, 28.77, 28.77
1288, 27.77, 27.77, 27.77, 27.77
1289, 27.62, 27.62, 27.62, 27.62
1290, 28.16, 28.16, 28.16, 28.16
1291, 25.94, 25.94, 25.94, 25.94
1292, 27.04, 27.04, 27.04, 27.04
1293, 27.44, 27.44, 27.44, 27.44
1294, 27.80, 27.80, 27.80, 27.80
1295, 26.79, 26.79, 26.79, 26.79
1296, 27.33, 27.33, 27.33, 27.33
1297, 27.84, 27.84, 27.84, 27.84
1298, 27.54, 27.54, 27.54, 27.54
1299, 25.66, 25.66, 25.66, 25.66
1300, 26.89, 26.89, 26.89, 26.89
1301, 26.31, 26.31, 26.31, 26.31
1302, 26.27, 26.27, 26.27, 26.27
1303, 26.97, 26.97, 26.97, 26.97
1304, 28.20, 28.20, 28.20, 28.20
1305, 26.87, 26.87, 26.87, 26.87
1306, 28.31, 28.31, 28.31, 28.31
1307, 26.66, 26.66, 26.66, 26.66
1308, 26.12, 26.12, 26.12, 26.12
1309, 26.16, 26.16, 26.16, 26.16
1310, 27.19, 27.19, 27.19, 27.19
1311, 27.43, 27.43, 27.43, 27.43
1312, 27.52, 27.52, 27.52, 27.52
1313, 28.12, 28.12, 28.12, 28.12
1314, 26.41, 26.41, 26.41, 26.41
1315, 27.62, 27.62, 27.62, 27.62
1316, 26.41, 26.41, 26.41, 26.41
1317, 27.41, 27.41, 27.41, 27.41
1318, 27.15, 27.15, 27.15, 27.15
1319, 26.72, 26.72, 26.72, 26.72
1320, 27.09, 27.09, 27.09, 27.09
1321, 28.60, 28.60, 28.60, 28.60
1322, 27.98, 27.98, 27.98, 27.98
1323, 27.99, 27.99, 27.99, 27.99
1324, 27.53, 27.53, 27.53, 27.53
1325, 27.55, 27.55, 27.55, 27.55
1326, 26.69, 26.69, 26.69, 26.69
1327, 28.16, 28.16, 28.16, 28.16
1328, 27.94, 27.94, 27.94, 27.94
1329, 27.85, 27.85, 27.85, 27.85
1330, 27.70, 27.70, 27.70, 27.70
1331, 26.39, 26.39, 26.39, 26.39
1332, 27.06, 27.06, 27.06, 27.06
1333, 26.62, 26.62, 26.62, 26.62
1334, 26.08, 26.08, 26.08, 26.08
1335, 26.12, 26.12, 26.12, 26.12
1336, 28.84, 28.84, 28.84, 28.84
1337, 28.22, 28.22, 28.22, 28.22
1338, 29.12, 29.12, 29.12, 29.12
1339, 27.48, 27.48, 27.48, 27.48
1340, 27.32, 27.32, 27.32, 27.32
1341, 27.27, 27.27, 27.27, 27.27
1342, 27.12, 27.12, 27.12, 27.12
1343, 27.05, 27.05, 27.05, 27.05
1344, 27.68, 27.68, 27.68, 27.68
1345, 25.50, 25.50, 25.50, 25.50
1346, 26.39, 26.39, 26.39, 26.39
1347, 27.79, 27.79, 27.79, 27.79
1348, 25.16, 25.16, 25.16, 25.16
1349, 25.76, 25.76, 25.76, 25.76
1350, 27.68, 27.68, 27.68, 27.68
1351, 27.10, 27.10, 27.10, 27.10
1352, 27.11, 27.11, 27.11, 27.11
1353, 27.45, 27.45, 27.45, 27.45
1354, 25.45, 25.45, 25.45, 25.45
1355, 25.42, 25.42, 25.42, 25.42
1356, 25.10, 25.10, 25.10, 25.10
1357, 26.18, 26.18, 26.18, 26.18
1358, 25.74, 25.74, 25.74, 25.74
1359, 25.64, 25.64, 25.64, 25.64
1360, 25.14, 25.14, 25.14, 25.14
1361, 25.08, 25.08, 25.08, 25.08
1362, 25.68, 25.68, 25.68, 25.68
1363, 26.77, 26.77, 26.77, 26.77
1364, 26.10, 26.10, 26.10, 26.10
1365, 25.05, 25.05, 25.05, 25.05
1366, 26.41, 26.41, 26.41, 26.41
1367, 26.05, 26.05, 26.05, 26.05
1368, 26.88, 26.88, 26.88, 26.88
1369, 25.00, 25.00, 25.00, 25.00
1370, 26.10, 26.10, 26.10, 26.10
1371, 24.72, 24.72, 24.72, 24.72
1372, 25.34, 25.34, 25.34, 25.34
1373, 25.27, 25.27, 25.27, 25.27
1374, 24.90, 24.90, 24.90, 24.90
1375, 25.14, 25.14, 25.14, 25.14
1376, 26.00, 26.00, 26.00, 26.00
1377, 25.28, 25.28, 25.28, 25.28
1378, 24.36, 24.36, 24.36, 24.36
1379, 25.66, 25.66, 25.66, 25.66
1380, 26.54, 26.54, 26.54, 26.54
1381, 25.95, 25.95, 25.95, 25.95
1382, 26.07, 26.07, 26.07, 26.07
1383, 24.91, 24.91, 24.91, 24.91
1384, 25.88, 25.88, 25.88, 25.88
1385, 23.80, 23.80, 23.80, 23.80
1386, 26.05, 26.05, 26.05, 26.05
1387, 24.58, 24.58, 24.58, 24.58
1388, 26.22, 26.22, 26.22, 26.22
1389, 24.93, 24.93, 24.93, 24.93
1390, 24.61, 24.61, 24.61, 24.61
1391, 25.71, 25.71, 25.71, 25.71
1392, 25.16, 25.16, 25.16, 25.16
1393, 25.62, 25.62, 25.62, 25.62
1394, 25.57, 25.57, 25.57, 25.57
1395, 25.58, 25.58, 25.58, 25.58
1396, 23.96, 23.96, 23.96, 23.96
1397, 25.09, 25.09, 25.09, 25.09
1398, 23.80, 23.80, 23.80, 23.80
1399, 23.79, 23.79, 23.79, 23.79
1400, 24.68, 24.68, 24.68, 24.68
1401, 24.54, 24.54, 24.54, 24.54
1402, 24.62, 24.62, 24.62, 24.62
1403, 23.37, 23.37, 23.37, 23.37
1404, 24.06, 24.06, 24.06, 24.06
1405, 24.20, 24.20, 24.20, 24.20
1406, 25.30, 25.30, 25.30, 25.30
1407, 23.41, 23.41, 23.41, 23.41
1408, 24.96, 24.96, 24.96, 24.96
1409, 23.97, 23.97, 23.97, 23.97
1410, 24.77, 24.77, 24.77, 24.77
1411, 25.01, 25.01, 25.01, 25.01
1412, 25.35, 25.35, 25.35, 25.35
1413, 23.84, 23.84, 23.84, 23.84
1414, 23.55, 23.55, 23.55, 23.55
1415, 23.47, 23.47, 23.47, 23.47
1416, 24.69, 24.69, 24.69, 24.69
1417, 25.45, 25.45, 25.45, 25.45
1418, 25.70, 25.70, 25.70, 25.70
1419, 24.88, 24.88, 24.88, 24.88
1420, 24.41, 24.41, 24.41, 24.41
1421, 24.19, 24.19, 24.19, 24.19
1422, 24.20, 24.20, 24.20, 24.20
1423, 25.12, 25.12, 25.12, 25.12
1424, 25.11, 25.11, 25.11, 25.11
1425, 24.44, 24.44, 24.44, 24.44
1426, 24.87, 24.87, 24.87, 24.87
1427, 31.89, 31.89, 31.89, 31.89
1428, 17.62, 17.62, 17.62, 17.62
1429, 24.23, 24.23, 24.23, 24.23
1430, 23.86, 23.86, 23.86, 23.86
1431, 24.07, 24.07, 24.07, 24.07
1432, 23.64, 23.64, 23.64, 23.64
1433, 24.82, 24.82, 24.82, 24.82
1434, 25.37, 25.37, 25.37, 25.37
1435, 23.62, 23.62, 23.62, 23.62
1436, 24.91, 24.91, 24.91, 24.91
1437, 24.69, 24.69, 24.69, 24.69
1438, 24.36, 24.36, 24.36, 24.36
1439, 25.01, 25.01, 25.01, 25.01
1440, 24.47, 24.47, 24.47, 24.47
1441, 25.44, 25.44, 25.44, 25.44
1442, 23.71, 23.71, 23.71, 23.71
1443, 24.85, 24.85, 24.85, 24.85
1444, 24.55, 24.55, 24.55, 24.55
1445, 24.04, 24.04, 24.04, 24.04
1446, 24.88, 24.88, 24.88, 24.88
1447, 23.55, 23.55, 23.55, 23.55
1448, 24.37, 24.37, 24.37, 24.37
1449, 25.29, 25.29, 25.29, 25.29
1450, 24.22, 24.22, 24.22, 24.22
1451, 24.27, 24.27, 24.27, 24.27
1452, 24.97, 24.97, 24.97, 24.97
1453, 24.96, 24.96, 24.96, 24.96
1454, 23.57, 23.57, 23.57, 23.57
1455, 24.15, 24.15, 24.15, 24.15
1456, 24.14, 24.14, 24.14, 24.14
1457, 23.92, 23.92, 23.92, 23.92
1458, 24.71, 24.71, 24.71, 24.71
1459, 23.98, 23.98, 23.98, 23.98
1460, 24.52, 24.52, 24.52, 24.52
1461, 24.02, 24.02, 24.02, 24.02
1462, 23.13, 23.13, 23.13, 23.13
1463, 23.22, 23.22, 23.22, 23.22
1464, 24.41, 24.41, 24.41, 24.41
1465, 23.71, 23.71, 23.71, 23.71
1466, 24.20, 24.20, 24.20, 24.20
1467, 24.17, 24.17, 24.17, 24.17
1468, 24.29, 24.29, 24.29, 24.29
1469, 23.33, 23.33, 23.33, 23.33
1470, 24.54, 24.54, 24.54, 24.54
1471, 24.10, 24.10, 24.10, 24.10
1472, 23.85, 23.85, 23.85, 23.85
1473, 24.84, 24.84, 24.84, 24.84
1474, 23.41, 23.41, 23.41, 23.41
1475, 24.87, 24.87, 24.87, 24.87
1476, 23.72, 23.72, 23.72, 23.72
1477, 24.82, 24.82, 24.82, 24.82
1478, 25.49, 25.49, 25.49, 25.49
1479, 25.08, 25.08, 25.08, 25.08
1480, 25.03, 25.03, 25.03, 25.03
1481, 26.27, 26.27, 26.27, 26.27
1482, 23.05, 23.05, 23.05, 23.05
1483, 25.70, 25.70, 25.70, 25.70
1484, 25.04, 25.04, 25.04, 25.04
1485, 23.71, 23.71, 23.71, 23.71
1486, 24.76, 24.76, 24.76, 24.76
1487, 23.96, 23.96, 23.96, 23.96
1488, 24.69, 24.69, 24.69, 24.69
1489, 24.07, 24.07, 24.07, 24.07
1490, 24.97, 24.97, 24.97, 24.97
1491, 23.57, 23.57, 23.57, 23.57
1492, 24.02, 24.02, 24.02, 24.02
1493, 24.28, 24.28, 24.28, 24.28
1494, 25.10, 25.10, 25.10, 25.10
1495, 25.18, 25.18, 25.18, 25.18
1496, 25.53, 25.53, 25.53, 25.53
1497, 28.52, 28.52, 28.52, 28.52
1498, 25.89, 25.89, 25.89, 25.89
1499, 23.88, 23.88, 23.88, 23.88
1500, 25.25, 25.25, 25.25, 25.25
1501, 24.26, 24.26, 24.26, 24.26
1502, 25.32, 25.32, 25.32, 25.32
1503, 24.49, 24.49, 24.49, 24.49
1504, 26.20, 26.20, 26.20, 26.20
1505, 26.67, 26.67, 26.67, 26.67
1506, 25.36, 25.36, 25.36, 25.36
1507, 25.99, 25.99, 25.99, 25.99
1508, 24.05, 24.05, 24.05, 24.05
1509, 25.97, 25.97, 25.97, 25.97
1510, 25.16, 25.16, 25.16, 25.16
1511, 25.09, 25.09, 25.09, 25.09
1512, 25.75, 25.75, 25.75, 25.75
1513, 26.08, 26.08, 26.08, 26.08
1514, 24.53, 24.53, 24.53, 24.53
1515, 25.76, 25.76, 25.76, 25.76
1516, 26.89, 26.89, 26.89, 26.89
1517, 27.92, 27.92, 27.92, 27.92
1518, 26.34, 26.34, 26.34, 26.34
1519, 25.85, 25.85, 25.85, 25.85
1520, 26.33, 26.33, 26.33, 26.33
1521, 26.45, 26.45, 26.45, 26.45
1522, 25.81, 25.81, 25.81, 25.81
1523, 25.15, 25.15, 25.15, 25.15
1524, 27.24, 27.24, 27.24, 27.24
1525, 27.36, 27.36, 27.36, 27.36
1526, 26.70, 26.70, 26.70, 26.70
1527, 25.65, 25.65, 25.65, 25.65
1528, 25.71, 25.71, 25.71, 25.71
1529, 26.70, 26.70, 26.70, 26.70
1530, 26.70, 26.70, 26.70, 26.70
1531, 26.98, 26.98, 26.98, 26.98
1532, 26.77, 26.77, 26.77, 26.77
1533, 26.92, 26.92, 26.92, 26.92
1534, 27.05, 27.05, 27.05, 27.05
1535, 26.38, 26.38, 26.38, 26.38
1536, 27.09, 27.09, 27.09, 27.09
1537, 27.02, 27.02, 27.02, 27.02
1538, 26.07, 26.07, 26.07, 26.07
1539, 25.73, 25.73, 25.73, 25.73
1540, 25.22, 25.22, 25.22, 25.22
1541, 27.34, 27.34, 27.34, 27.34
1542, 26.45, 26.45, 26.45, 26.45
1543, 26.01, 26.01, 26.01, 26.01
1544, 26.04, 26.04, 26.04, 26.04
1545, 27.59, 27.59, 27.59, 27.59
1546, 28.07, 28.07, 28.07, 28.07
1547, 27.40, 27.40, 27.40, 27.40
1548, 27.00, 27.00, 27.00, 27.00
1549, 27.84, 27.84, 27.84, 27.84
1550, 26.20, 26.20, 26.20, 26.20
1551, 26.31, 26.31, 26.31, 26.31
1552, 26.67, 26.67, 26.67, 26.67
1553, 25.87, 25.87, 25.87, 25.87
1554, 25.88, 25.88, 25.88, 25.88
1555, 27.23, 27.23, 27.23, 27.23
1556, 27.95, 27.95, 27.95, 27.95
1557, 27.40, 27.40, 27.40, 27.40
1558, 28.25, 28.25, 28.25, 28.25
1559, 27.50, 27.50, 27.50, 27.50
1560, 28.95, 28.95, 28.95, 28.95
1561, 27.86, 27.86, 27.86, 27.86
1562, 27.36, 27.36, 27.36, 27.36
1563, 27.59, 27.59, 27.59, 27.59
1564, 27.49, 27.49, 27.49, 27.49
1565, 28.00, 28.00, 28.00, 28.00
1566, 26.60, 26.60, 26.60, 26.60
1567, 28.58, 28.58, 28.58, 28.58
1568, 25.98, 25.98, 25.98, 25.98
1569, 27.00, 27.00, 27.00, 27.00
1570, 26.77, 26.77, 26.77, 26.77
1571, 27.59, 27.59, 27.59, 27.59
1572, 25.71, 25.71, 25.71, 25.71
1573, 27.06, 27.06, 27.06, 27.06
1574, 27.30, 27.30, 27.30, 27.30
1575, 26.39, 26.39, 26.39, 26.39
1576, 27.20, 27.20, 27.20, 27.20
1577, 25.71, 25.71, 25.71, 25.71
1578, 27.07, 27.07, 27.07, 27.07
1579, 28.29, 28.29, 28.29, 28.29
1580, 27.78, 27.78, 27.78, 27.78
1581, 29.81, 29.81, 29.81, 29.81
1582, 27.16, 27.16, 27.16, 27.16
1583, 27.66, 27.66, 27.66, 27.66
1584, 27.23, 27.23, 27.23, 27.23
1585, 27.54, 27.54, 27.54, 27.54
1586, 27.47, 27.47, 27.47, 27.47
1587, 28.37, 28.37, 28.37, 28.37
1588, 28.52, 28.52, 28.52, 28.52
1589, 27.10, 27.10, 27.10, 27.10
1590, 26.91, 26.91, 26.91, 26.91
1591, 27.12, 27.12, 27.12, 27.12
1592, 27.54, 27.54, 27.54, 27.54
1593, 27.50, 27.50, 27.50, 27.50
1594, 29.03, 29.03, 29.03, 29.03
1595, 28.14, 28.14, 28.14, 28.14
1596, 26.86, 26.86, 26.86, 26.86
1597, 27.47, 27.47, 27.47, 27.47
1598, 27.85, 27.85, 27.85, 27.85
1599, 26.05, 26.05, 26.05, 26.05
1600, 26.90, 26.90, 26.90, 26.90
1601, 27.40, 27.40, 27.40, 27.40
1602, 28.33, 28.33, 28.33, 28.33
1603, 26.96, 26.96, 26.96, 26.96
1604, 25.96, 25.96, 25.96, 25.96
1605, 29.94, 29.94, 29.94, 29.94
1606, 26.48, 26.48, 26.48, 26.48
1607, 30.68, 30.68, 30.68, 30.68
1608, 26.33, 26.33, 26.33, 26.33
1609, 28.02, 28.02, 28.02, 28.02
1610, 28.32, 28.32, 28.32, 28.32
1611, 25.79, 25.79, 25.79, 25.79
1612, 27.69, 27.69, 27.69, 27.69
1613, 28.42, 28.42, 28.42, 28.42
1614, 25.69, 25.69, 25.69, 25.69
1615, 29.21, 29.21, 29.21, 29.21
1616, 25.69, 25.69, 25.69, 25.69
1617, 29.87, 29.87, 29.87, 29.87
1618, 26.69, 26.69, 26.69, 26.69
1619, 25.50, 25.50, 25.50, 25.50
1620, 36.38, 36.38, 36.38, 36.38
1621, 17.83, 17.83, 17.83, 17.83
1622, 25.82, 25.82, 25.82, 25.82
1623, 27.75, 27.75, 27.75, 27.75
1624, 26.90, 26.90, 26.90, 26.90
1625, 25.20, 25.20, 25.20, 25.20
1626, 26.47, 26.47, 26.47, 26.47
1627, 28.13, 28.13, 28.13, 28.13
1628, 26.44, 26.44, 26.44, 26.44
1629, 26.44, 26.44, 26.44, 26.44
1630, 25.25, 25.25, 25.25, 25.25
1631, 25.24, 25.24, 25.24, 25.24
1632, 26.80, 26.80, 26.80, 26.80
1633, 26.04, 26.04, 26.04, 26.04
1634, 25.63, 25.63, 25.63, 25.63
1635, 26.42, 26.42, 26.42, 26.42
1636, 27.03, 27.03, 27.03, 27.03
1637, 26.42, 26.42, 26.42, 26.42
1638, 26.12, 26.12, 26.12, 26.12
1639, 28.16, 28.16, 28.16, 28.16
1640, 25.10, 25.10, 25.10, 25.10
1641, 26.95, 26.95, 26.95, 26.95
1642, 25.46, 25.46, 25.46, 25.46
1643, 27.85, 27.85, 27.85, 27.85
1644, 25.84, 25.84, 25.84, 25.84
1645, 26.99, 26.99, 26.99, 26.99
1646, 26.01, 26.01, 26.01, 26.01
1647, 26.55, 26.55, 26.55, 26.55
1648, 28.26, 28.26, 28.26, 28.26
1649, 25.58, 25.58, 25.58, 25.58
1650, 25.99, 25.99, 25.99, 25.99
1651, 25.24, 25.24, 25.24, 25.24
1652, 27.92, 27.92, 27.92, 27.92
1653, 26.05, 26.05, 26.05, 26.05
1654, 26.32, 26.32, 26.32, 26.32
1655, 27.62, 27.62, 27.62, 27.62
1656, 25.71, 25.71, 25.71, 25.71
1657, 27.72, 27.72, 27.72, 27.72
1658, 26.46, 26.46, 26.46, 26.46
1659, 27.68, 27.68, 27.68, 27.68
1660, 28.13, 28.13, 28.13, 28.13
1661, 26.38, 26.38, 26.38, 26.38
1662, 26.46, 26.46, 26.46, 26.46
1663, 26.77, 26.77, 26.77, 26.77
1664, 28.25, 28.25, 28.25, 28.25
1665, 26.77, 26.77, 26.77, 26.77
1666, 26.26, 26.26, 26.26, 26.26
1667, 26.06, 26.06, 26.06, 26.06
1668, 25.76, 25.76, 25.76, 25.76
1669, 26.32, 26.32, 26.32, 26.32
1670, 26.33, 26.33, 26.33, 26.33
1671, 27.67, 27.67, 27.67, 27.67
1672, 26.57, 26.57, 26.57, 26.57
1673, 26.63, 26.63, 26.63, 26.63
1674, 26.94, 26.94, 26.94, 26.94
1675, 26.91, 26.91, 26.91, 26.91
1676, 27.42, 27.42, 27.42, 27.42
1677, 26.82, 26.82, 26.82, 26.82
1678, 26.49, 26.49, 26.49, 26.49
1679, 26.89, 26.89, 26.89, 26.89
1680, 26.60, 26.60, 26.60, 26.60
1681, 26.93, 26.93, 26.93, 26.93
1682, 28.56, 28.56, 28.56, 28.56
1683, 27.40, 27.40, 27.40, 27.40
1684, 27.94, 27.94, 27.94, 27.94
1685, 28.89, 28.89, 28.89, 28.89
1686, 27.51, 27.51, 27.51, 27.51
1687, 28.31, 28.31, 28.31, 28.31
1688, 27.47, 27.47, 27.47, 27.47
1689, 26.90, 26.90, 26.90, 26.90
1690, 26.80, 26.80, 26.80, 26.80
1691, 27.34, 27.34, 27.34, 27.34
1692, 28.01, 28.01, 28.01, 28.01
1693, 27.36, 27.36, 27.36, 27.36
1694, 28.03, 28.03, 28.03, 28.03
1695, 27.34, 27.34, 27.34, 27.34
1696, 26.81, 26.81, 26.81, 26.81
1697, 26.88, 26.88, 26.88, 26.88
1698, 27.64, 27.64, 27.64, 27.64
1699, 26.75, 26.75, 26.75, 26.75
1700, 26.63, 26.63, 26.63, 26.63
1701, 28.00, 28.00, 28.00, 28.00
1702, 27.62, 27.62, 27.62, 27.62
1703, 26.95, 26.95, 26.95, 26.95
1704, 26.97, 26.97, 26.97, 26.97
1705, 26.65, 26.65, 26.65, 26.65
1706, 26.90, 26.90, 26.90, 26.90
1707, 27.26, 27.26, 27.26, 27.26
1708, 26.85, 26.85, 26.85, 26.85
1709, 27.04, 27.04, 27.04, 27.04
1710, 26.89, 26.89, 26.89, 26.89
1711, 26.59, 26.59, 26.59, 26.59
1712, 27.15, 27.15, 27.15, 27.15
1713, 27.22, 27.22, 27.22, 27.22
1714, 27.71, 27.71, 27.71, 27.71
1715, 26.51, 26.51, 26.51, 26.51
1716, 26.54, 26.54, 26.54, 26.54
1717, 26.65, 26.65, 26.65, 26.65
1718, 27.07, 27.07, 27.07, 27.07
1719, 27.35, 27.35, 27.35, 27.35
1720, 27.09, 27.09, 27.09, 27.09
1721, 27.80, 27.80, 27.80, 27.80
1722, 29.12, 29.12, 29.12, 29.12
1723, 25.38, 25.38, 25.38, 25.38
1724, 26.81, 26.81, 26.81, 26.81
1725, 28.22, 28.22, 28.22, 28.22
1726, 27.73, 27.73, 27.73, 27.73
1727, 27.42, 27.42, 27.42, 27.42
1728, 28.04, 28.04, 28.04, 28.04
1729, 28.49, 28.49, 28.49, 28.49
1730, 28.93, 28.93, 28.93, 28.93
1731, 29.43, 29.43, 29.43, 29.43
1732, 29.21, 29.21, 29.21, 29.21
1733, 29.68, 29.68, 29.68, 29.68
1734, 29.86, 29.86, 29.86, 29.86
1735, 28.45, 28.45, 28.45, 28.45
1736, 29.10, 29.10, 29.10, 29.10
1737, 29.51, 29.51, 29.51, 29.51
1738, 27.91, 27.91, 27.91, 27.91
1739, 30.34, 30.34, 30.34, 30.34
1740, 31.01, 31.01, 31.01, 31.01
1741, 29.11, 29.11, 29.11, 29.11
1742, 28.47, 28.47, 28.47, 28.47
1743, 29.53, 29.53, 29.53, 29.53
1744, 29.44, 29.44, 29.44, 29.44
1745, 30.15, 30.15, 30.15, 30.15
1746, 28.53, 28.53, 28.53, 28.53
1747, 31.22, 31.22, 31.22, 31.22
1748, 28.72, 28.72, 28.72, 28.72
1749, 28.71, 28.71, 28.71, 28.71
1750, 28.76, 28.76, 28.76, 28.76
1751, 29.01, 29.01, 29.01, 29.01
1752, 27.86, 27.86, 27.86, 27.86
1753, 27.65, 27.65, 27.65, 27.65
1754, 31.11, 31.11, 31.11, 31.11
1755, 29.54, 29.54, 29.54, 29.54
1756, 28.84, 28.84, 28.84, 28.84
1757, 28.73, 28.73, 28.73, 28.73
1758, 28.91, 28.91, 28.91, 28.91
1759, 29.04, 29.04, 29.04, 29.04
1760, 28.98, 28.98, 28.98, 28.98
1761, 28.26, 28.26, 28.26, 28.26
1762, 28.46, 28.46, 28.46, 28.46
1763, 29.29, 29.29, 29.29, 29.29
1764, 29.44, 29.44, 29.44, 29.44
1765, 30.25, 30.25, 30.25, 30.25
1766, 28.47, 28.47, 28.47, 28.47
1767, 29.44, 29.44, 29.44, 29.44
1768, 28.88, 28.88, 28.88, 28.88
1769, 29.86, 29.86, 29.86, 29.86
1770, 28.99, 28.99, 28.99, 28.99
1771, 30.57, 30.57, 30.57, 30.57
1772, 29.49, 29.49, 29.49, 29.49
1773, 29.12, 29.12, 29.12, 29.12
1774, 29.14, 29.14, 29.14, 29.14
1775, 28.73, 28.73, 28.73, 28.73
1776, 28.98, 28.98, 28.98, 28.98
1777, 28.50, 28.50, 28.50, 28.50
1778, 28.99, 28.99, 28.99, 28.99
1779, 28.77, 28.77, 28.77, 28.77
1780, 28.94, 28.94, 28.94, 28.94
1781, 30.98, 30.98, 30.98, 30.98
1782, 29.78, 29.78, 29.78, 29.78
1783, 28.57, 28.57, 28.57, 28.57
1784, 28.83, 28.83, 28.83, 28.83
1785, 28.94, 28.94, 28.94, 28.94
1786, 29.68, 29.68, 29.68, 29.68
1787, 30.29, 30.29, 30.29, 30.29
1788, 29.04, 29.04, 29.04, 29.04
1789, 30.46, 30.46, 30.46, 30.46
1790, 30.32, 30.32, 30.32, 30.32
1791, 30.35, 30.35, 30.35, 30.35
1792, 30.36, 30.36, 30.36, 30.36
1793, 30.42, 30.42, 30.42, 30.42
1794, 29.08, 29.08, 29.08, 29.08
1795, 32.45, 32.45, 32.45, 32.45
1796, 28.58, 28.58, 28.58, 28.58
1797, 31.31, 31.31, 31.31, 31.31
1798, 29.42, 29.42, 29.42, 29.42
1799, 29.81, 29.81, 29.81, 29.81
1800, 36.28, 36.28, 36.28, 36.28
1801, 23.80, 23.80, 23.80, 23.80
1802, 30.85, 30.85, 30.85, 30.85
1803, 31.01, 31.01, 31.01, 31.01
1804, 30.38, 30.38, 30.38, 30.38
1805, 29.71, 29.71, 29.71, 29.71
1806, 31.16, 31.16, 31.16, 31.16
1807, 29.48, 29.48, 29.48, 29.48
1808, 31.34, 31.34, 31.34, 31.34
1809, 30.05, 30.05, 30.05, 30.05
1810, 30.86, 30.86, 30.86, 30.86
1811, 29.73, 29.73, 29.73, 29.73
1812, 32.23, 32.23, 32.23, 32.23
1813, 28.86, 28.86, 28.86, 28.86
1814, 30.08, 30.08, 30.08, 30.08
1815, 31.28, 31.28, 31.28, 31.28
1816, 32.74, 32.74, 32.74, 32.74
1817, 31.15, 31.15, 31.15, 31.15
1818, 31.94, 31.94, 31.94, 31.94
1819, 31.30, 31.30, 31.30, 31.30
1820, 31.08, 31.08, 31.08, 31.08
1821, 33.25, 33.25, 33.25, 33.25
1822, 33.67, 33.67, 33.67, 33.67
1823, 32.24, 32.24, 32.24, 32.24
1824, 31.72, 31.72, 31.72, 31.72
1825, 31.42, 31.42, 31.42, 31.42
1826, 32.15, 32.15, 32.15, 32.15
1827, 31.66, 31.66, 31.66, 31.66
1828, 32.37, 32.37, 32.37, 32.37
1829, 33.15, 33.15, 33.15, 33.15
1830, 31.77, 31.77, 31.77, 31.77
1831, 31.56, 31.56, 31.56, 31.56
1832, 33.31, 33.31, 33.31, 33.31
1833, 33.28, 33.28, 33.28, 33.28
1834, 31.60, 31.60, 31.60, 31.60
1835, 31.73, 31.73, 31.73, 31.73
1836, 31.03, 31.03, 31.03, 31.03
1837, 31.86, 31.86, 31.86, 31.86
1838, 33.34, 33.34, 33.34, 33.34
1839, 32.70, 32.70, 32.70, 32.70
1840, 31.75, 31.75, 31.75, 31.75
1841, 31.58, 31.58, 31.58, 31.58
1842, 31.05, 31.05, 31.05, 31.05
1843, 31.73, 31.73, 31.73, 31.73
1844, 31.64, 31.64, 31.64, 31.64
1845, 32.90, 32.90, 32.90, 32.90
1846, 31.13, 31.13, 31.13, 31.13
1847, 31.40, 31.40, 31.40, 31.40
1848, 31.54, 31.54, 31.54, 31.54
1849, 30.58, 30.58, 30.58, 30.58
1850, 31.41, 31.41, 31.41, 31.41
1851, 31.08, 31.08, 31.08, 31.08
1852, 32.22, 32.22, 32.22, 32.22
1853, 32.48, 32.48, 32.48, 32.48
1854, 30.98, 30.98, 30.98, 30.98
1855, 31.62, 31.62, 31.62, 31.62
1856, 31.87, 31.87, 31.87, 31.87
1857, 31.64, 31.64, 31.64, 31.64
1858, 31.02, 31.02, 31.02, 31.02
1859, 29.89, 29.89, 29.89, 29.89
1860, 30.97, 30.97, 30.97, 30.97
1861, 31.67, 31.67, 31.67, 31.67
1862, 31.08, 31.08, 31.08, 31.08
1863, 30.48, 30.48, 30.48, 30.48
1864, 29.47, 29.47, 29.47, 29.47
1865, 31.57, 31.57, 31.57, 31.57
1866, 30.79, 30.79, 30.79, 30.79
1867, 30.62, 30.62, 30.62, 30.62
1868, 32.22, 32.22, 32.22, 32.22
1869, 32.21, 32.21, 32.21, 32.21
1870, 30.56, 30.56, 30.56, 30.56
1871, 30.70, 30.70, 30.70, 30.70
1872, 32.34, 32.34, 32.34, 32.34
1873, 30.83, 30.83, 30.83, 30.83
1874, 30.49, 30.49, 30.49, 30.49
1875, 30.50, 30.50, 30.50, 30.50
1876, 29.89, 29.89, 29.89, 29.89
1877, 30.78, 30.78, 30.78, 30.78
1878, 30.27, 30.27, 30.27, 30.27
1879, 31.16, 31.16, 31.16, 31.16
1880, 30.28, 30.28, 30.28, 30.28
1881, 30.59, 30.59, 30.59, 30.59
1882, 30.24, 30.24, 30.24, 30.24
1883, 30.38, 30.38, 30.38, 30.38
1884, 29.90, 29.90, 29.90, 29.90
1885, 30.53, 30.53, 30.53, 30.53
1886, 30.27, 30.27, 30.27, 30.27
1887, 29.68, 29.68, 29.68, 29.68
1888, 29.47, 29.47, 29.47, 29.47
1889, 30.27, 30.27, 30.27, 30.27
1890, 30.29, 30.29, 30.29, 30.29
1891, 30.93, 30.93, 30.93, 30.93
1892, 31.28, 31.28, 31.28, 31.28
1893, 30.29, 30.29, 30.29, 30.29
1894, 29.89, 29.89, 29.89, 29.89
1895, 31.93, 31.93, 31.93, 31.93
1896, 30.71, 30.71, 30.71, 30.71
1897, 30.59, 30.59, 30.59, 30.59
1898, 29.43, 29.43, 29.43, 29.43
1899, 30.91, 30.91, 30.91, 30.91
1900, 29.43, 29.43, 29.43, 29.43
1901, 31.79, 31.79, 31.79, 31.79
1902, 31.53, 31.53, 31.53, 31.53
1903, 31.20, 31.20, 31.20, 31.20
1904, 30.57, 30.57, 30.57, 30.57
1905, 30.69, 30.69, 30.69, 30.69
1906, 29.62, 29.62, 29.62, 29.62
1907, 30.92, 30.92, 30.92, 30.92
1908, 31.81, 31.81, 31.81, 31.81
1909, 30.05, 30.05, 30.05, 30.05
1910, 31.98, 31.98, 31.98, 31.98
1911, 30.71, 30.71, 30.71, 30.71
1912, 31.61, 31.61, 31.61, 31.61
1913, 30.16, 30.16, 30.16, 30.16
1914, 33.84, 33.84, 33.84, 33.84
1915, 30.06, 30.06, 30.06, 30.06
1916, 29.93, 29.93, 29.93, 29.93
1917, 31.58, 31.58, 31.58, 31.58
1918, 30.51, 30.51, 30.51, 30.51
1919, 31.28, 31.28, 31.28, 31.28
1920, 30.54, 30.54, 30.54, 30.54
1921, 30.97, 30.97, 30.97, 30.97
1922, 31.33, 31.33, 31.33, 31.33
1923, 30.85, 30.85, 30.85, 30.85
1924, 30.55, 30.55, 30.55, 30.55
1925, 31.16, 31.16, 31.16, 31.16
1926, 31.02, 31.02, 31.02, 31.02
1927, 30.39, 30.39, 30.39, 30.39
1928, 31.49, 31.49, 31.49, 31.49
1929, 31.11, 31.11, 31.11, 31.11
1930, 32.04, 32.04, 32.04, 32.04
1931, 31.78, 31.78, 31.78, 31.78
1932, 30.99, 30.99, 30.99, 30.99
1933, 31.20, 31.20, 31.20, 31.20
1934, 29.65, 29.65, 29.65, 29.65
1935, 31.04, 31.04, 31.04, 31.04
1936, 31.28, 31.28, 31.28, 31.28
1937, 29.44, 29.44, 29.44, 29.44
1938, 30.08, 30.08, 30.08, 30.08
1939, 28.89, 28.89, 28.89, 28.89
1940, 30.42, 30.42, 30.42, 30.42
1941, 29.73, 29.73, 29.73, 29.73
1942, 29.68, 29.68, 29.68, 29.68
1943, 30.02, 30.02, 30.02, 30.02
1944, 29.56, 29.56, 29.56, 29.56
1945, 30.24, 30.24, 30.24, 30.24
1946, 28.16, 28.16, 28.16, 28.16
1947, 28.68, 28.68, 28.68, 28.68
1948, 27.41, 27.41, 27.41, 27.41
1949, 29.23, 29.23, 29.23, 29.23
1950, 29.59, 29.59, 29.59, 29.59
1951, 27.32, 27.32, 27.32, 27.32
1952, 27.96, 27.96, 27.96, 27.96
1953, 27.94, 27.94, 27.94, 27.94
1954, 27.76, 27.76, 27.76, 27.76
1955, 27.35, 27.35, 27.35, 27.35
1956, 27.76, 27.76, 27.76, 27.76
1957, 26.57, 26.57, 26.57, 26.57
1958, 27.50, 27.50, 27.50, 27.50
1959, 26.87, 26.87, 26.87, 26.87
1960, 26.87, 26.87, 26.87, 26.87
1961, 26.60, 26.60, 26.60, 26.60
1962, 26.99, 26.99, 26.99, 26.99
1963, 34.43, 34.43, 34.43, 34.43
1964, 17.75, 17.75, 17.75, 17.75
1965, 25.81, 25.81, 25.81, 25.81
1966, 25.42, 25.42, 25.42, 25.42
1967, 26.11, 26.11, 26.11, 26.11
1968, 26.12, 26.12, 26.12, 26.12
1969, 25.77, 25.77, 25.77, 25.77
1970, 25.56, 25.56, 25.56, 25.56
1971, 25.44, 25.44, 25.44, 25.44
1972, 25.32, 25.32, 25.32, 25.32
1973, 25.49, 25.49, 25.49, 25.49
1974, 24.91, 24.91, 24.91, 24.91
1975, 25.08, 25.08, 25.08, 25.08
1976, 25.49, 25.49, 25.49, 25.49
1977, 25.43, 25.43, 25.43, 25.43
1978, 25.46, 25.46, 25.46, 25.46
1979, 25.53, 25.53, 25.53, 25.53
1980, 24.75, 24.75, 24.75, 24.75
1981, 25.89, 25.89, 25.89, 25.89
1982, 26.25, 26.25, 26.25, 26.25
1983, 25.85, 25.85, 25.85, 25.85
1984, 25.85, 25.85, 25.85, 25.85
1985, 25.65, 25.65, 25.65, 25.65
1986, 25.23, 25.23, 25.23, 25.23
1987, 27.40, 27.40, 27.40, 27.40
1988, 25.17, 25.17, 25.17, 25.17
1989, 25.08, 25.08, 25.08, 25.08
1990, 24.78, 24.78, 24.78, 24.78
1991, 26.03, 26.03, 26.03, 26.03
1992, 25.32, 25.32, 25.32, 25.32
1993, 24.67, 24.67, 24.67, 24.67
1994, 24.52, 24.52, 24.52, 24.52
1995, 25.55, 25.55, 25.55, 25.55
1996, 25.86, 25.86, 25.86, 25.86
1997, 25.01, 25.01, 25.01, 25.01
1998, 25.00, 25.00, 25.00, 25.00
1999, 24.58, 24.58, 24.58, 24.58
2000, 25.13, 25.13, 25.13, 25.13
2001, 25.07, 25.07, 25.07, 25.07
2002, 24.53, 24.53, 24.53, 24.53
2003, 24.78, 24.78, 24.78, 24.78
2004, 25.09, 25.09, 25.09, 25.09
2005, 25.06, 25.06, 25.06, 25.06
2006, 24.61, 24.61, 24.61, 24.61
2007, 24.98, 24.98, 24.98, 24.98
2008, 24.49, 24.49, 24.49, 24.49
2009, 24.98, 24.98, 24.98, 24.98
2010, 24.49, 24.49, 24.49, 24.49
2011, 24.64, 24.64, 24.64, 24.64
2012, 24.43, 24.43, 24.43, 24.43
2013, 24.46, 24.46, 24.46, 24.46
2014, 25.42, 25.42, 25.42, 25.42
2015, 24.55, 24.55, 24.55, 24.55
2016, 24.99, 24.99, 24.99, 24.99
2017, 24.47, 24.47, 24.47, 24.47
2018, 24.17, 24.17, 24.17, 24.17
2019, 24.63, 24.63, 24.63, 24.63
2020, 23.52, 23.52, 23.52, 23.52
2021, 23.71, 23.71, 23.71, 23.71
2022, 24.34, 24.34, 24.34, 24.34
2023, 24.38, 24.38, 24.38, 24.38
2024, 24.49, 24.49, 24.49, 24.49
2025, 22.89, 22.89, 22.89, 22.89
2026, 24.19, 24.19, 24.19, 24.19
2027, 23.82, 23.82, 23.82, 23.82
2028, 24.09, 24.09, 24.09, 24.09
2029, 24.29, 24.29, 24.29, 24.29
2030, 23.72, 23.72, 23.72, 23.72
2031, 23.62, 23.62, 23.62, 23.62
2032, 23.46, 23.46, 23.46, 23.46
2033, 23.80, 23.80, 23.80, 23.80
2034, 23.80, 23.80, 23.80, 23.80
2035, 23.71, 23.71, 23.71, 23.71
2036, 23.86, 23.86, 23.86, 23.86
2037, 24.73, 24.73, 24.73, 24.73
2038, 22.59, 22.59, 22.59, 22.59
2039, 23.56, 23.56, 23.56, 23.56
2040, 23.96, 23.96, 23.96, 23.96
2041, 23.66, 23.66, 23.66, 23.66
2042, 24.70, 24.70, 24.70, 24.70
2043, 23.96, 23.96, 23.96, 23.96
2044, 23.63, 23.63, 23.63, 23.63
2045, 23.43, 23.43, 23.43, 23.43
2046, 24.01, 24.01, 24.01, 24.01
2047, 23.98, 23.98, 23.98, 23.98
2048, 23.05, 23.05, 23.05, 23.05
2049, 23.99, 23.99, 23.99, 23.99
2050, 23.87, 23.87, 23.87, 23.87
2051, 23.94, 23.94, 23.94, 23.94
2052, 24.34, 24.34, 24.34, 24.34
2053, 23.20, 23.20, 23.20, 23.20
2054, 23.71, 23.71, 23.71, 23.71
2055, 24.16, 24.16, 24.16, 24.16
2056, 24.40, 24.40, 24.40, 24.40
2057, 24.04, 24.04, 24.04, 24.04
2058, 24.21, 24.21, 24.21, 24.21
2059, 23.79, 23.79, 23.79, 23.79
2060, 23.54, 23.54, 23.54, 23.54
2061, 24.28, 24.28, 24.28, 24.28
2062, 23.77, 23.77, 23.77, 23.77
2063, 23.88, 23.88, 23.88, 23.88
2064, 23.58, 23.58, 23.58, 23.58
2065, 24.10, 24.10, 24.10, 24.10
2066, 24.60, 24.60, 24.60, 24.60
2067, 24.02, 24.02, 24.02, 24.02
2068, 23.48, 23.48, 23.48, 23.48
2069, 24.07, 24.07, 24.07, 24.07
2070, 23.39, 23.39, 23.39, 23.39
2071, 23.62, 23.62, 23.62, 23.62
2072, 23.59, 23.59, 23.59, 23.59
2073, 23.33, 23.33, 23.33, 23.33
2074, 23.57, 23.57, 23.57, 23.57
2075, 24.06, 24.06, 24.06, 24.06
2076, 23.83, 23.83, 23.83, 23.83
2077, 24.08, 24.08, 24.08, 24.08
2078, 23.66, 23.66, 23.66, 23.66
2079, 23.79, 23.79, 23.79, 23.79
2080, 23.55, 23.55, 23.55, 23.55
2081, 23.45, 23.45, 23.45, 23.45
2082, 23.04, 23.04, 23.04, 23.04
2083, 22.98, 22.98, 22.98, 22.98
2084, 22.96, 22.96, 22.96, 22.96
2085, 23.18, 23.18, 23.18, 23.18
2086, 22.77, 22.77, 22.77, 22.77
2087, 23.35, 23.35, 23.35, 23.35
2088, 23.73, 23.73, 23.73, 23.73
2089, 23.28, 23.28, 23.28, 23.28
2090, 23.45, 23.45, 23.45, 23.45
2091, 23.68, 23.68, 23.68, 23.68
2092, 23.35, 23.35, 23.35, 23.35
2093, 23.10, 23.10, 23.10, 23.10
2094, 23.03, 23.03, 23.03, 23.03
2095, 22.64, 22.64, 22.64, 22.64
2096, 23.15, 23.15, 23.15, 23.15
2097, 23.43, 23.43, 23.43, 23.43
2098, 23.38, 23.38, 23.38, 23.38
2099, 23.27, 23.27, 23.27, 23.27
2100, 23.33, 23.33, 23.33, 23.33
2101, 23.42, 23.42, 23.42, 23.42
2102, 23.83, 23.83, 23.83, 23.83
2103, 24.03, 24.03, 24.03, 24.03
2104, 22.39, 22.39, 22.39, 22.39
2105, 22.84, 22.84, 22.84, 22.84
2106, 23.49, 23.49, 23.49, 23.49
2107, 22.51, 22.51, 22.51, 22.51
2108, 23.21, 23.21, 23.21, 23.21
2109, 24.36, 24.36, 24.36, 24.36
2110, 23.33, 23.33, 23.33, 23.33
2111, 23.52, 23.52, 23.52, 23.52
2112, 24.09, 24.09, 24.09, 24.09
2113, 23.10, 23.10, 23.10, 23.10
2114, 23.16, 23.16, 23.16, 23.16
2115, 23.58, 23.58, 23.58, 23.58
2116, 23.13, 23.13, 23.13, 23.13
2117, 23.39, 23.39, 23.39, 23.39
2118, 23.15, 23.15, 23.15, 23.15
2119, 23.31, 23.31, 23.31, 23.31
2120, 23.15, 23.15, 23.15, 23.15
2121, 23.32, 23.32, 23.32, 23.32
2122, 23.19, 23.19, 23.19, 23.19
2123, 22.85, 22.85, 22.85, 22.85
2124, 23.01, 23.01, 23.01, 23.01
2125, 22.97, 22.97, 22.97, 22.97
2126, 22.72, 22.72, 22.72, 22.72
2127, 22.60, 22.60, 22.60, 22.60
2128, 22.57, 22.57, 22.57, 22.57
2129, 23.08, 23.08, 23.08, 23.08
2130, 23.14, 23.14, 23.14, 23.14
2131, 22.32, 22.32, 22.32, 22.32
2132, 22.72, 22.72, 22.72, 22.72
2133, 22.97, 22.97, 22.97, 22.97
2134, 21.86, 21.86, 21.86, 21.86
2135, 22.52, 22.52, 22.52, 22.52
2136, 22.50, 22.50, 22.50, 22.50
2137, 22.66, 22.66, 22.66, 22.66
2138, 22.62, 22.62, 22.62, 22.62
2139, 22.13, 22.13, 22.13, 22.13
2140, 22.19, 22.19, 22.19, 22.19
2141, 22.30, 22.30, 22.30, 22.30
2142, 22.48, 22.48, 22.48, 22.48
2143, 22.55, 22.55, 22.55, 22.55
2144, 22.13, 22.13, 22.13, 22.13
2145, 22.33, 22.33, 22.33, 22.33
2146, 22.73, 22.73, 22.73, 22.73
2147, 22.67, 22.67, 22.67, 22.67
2148, 22.82, 22.82, 22.82, 22.82
2149, 23.52, 23.52, 23.52, 23.52
2150, 21.77, 21.77, 21.77, 21.77
2151, 22.72, 22.72, 22.72, 22.72
2152, 22.80, 22.80, 22.80, 22.80
2153, 22.94, 22.94, 22.94, 22.94
2154, 22.88, 22.88, 22.88, 22.88
2155, 22.94, 22.94, 22.94, 22.94
2156, 23.08, 23.08, 23.08, 23.08
2157, 22.77, 22.77, 22.77, 22.77
2158, 23.19, 23.19, 23.19, 23.19
2159, 22.94, 22.94, 22.94, 22.94
2160, 23.31, 23.31, 23.31, 23.31
2161, 22.67, 22.67, 22.67, 22.67
2162, 23.27, 23.27, 23.27, 23.27
2163, 23.42, 23.42, 23.42, 23.42
2164, 23.49, 23.49, 23.49, 23.49
2165, 23.07, 23.07, 23.07, 23.07
2166, 23.53, 23.53, 23.53, 23.53
2167, 23.98, 23.98, 23.98, 23.98
2168, 24.72, 24.72, 24.72, 24.72
2169, 23.45, 23.45, 23.45, 23.45
2170, 23.95, 23.95, 23.95, 23.95
2171, 23.32, 23.32, 23.32, 23.32
2172, 23.90, 23.90, 23.90, 23.90
2173, 35.41, 35.41, 35.41, 35.41
2174, 14.60, 14.60, 14.60, 14.60
2175, 21.55, 21.55, 21.55, 21.55
2176, 23.23, 23.23, 23.23, 23.23
2177, 24.46, 24.46, 24.46, 24.46
2178, 24.12, 24.12, 24.12, 24.12
2179, 24.06, 24.06, 24.06, 24.06
2180, 24.10, 24.10, 24.10, 24.10
2181, 23.71, 23.71, 23.71, 23.71
2182, 24.15, 24.15, 24.15, 24.15
2183, 24.62, 24.62, 24.62, 24.62
2184, 24.21, 24.21, 24.21, 24.21
2185, 24.85, 24.85, 24.85, 24.85
2186, 24.52, 24.52, 24.52, 24.52
2187, 24.75, 24.75, 24.75, 24.75
2188, 24.56, 24.56, 24.56, 24.56
2189, 24.74, 24.74, 24.74, 24.74
2190, 25.78, 25.78, 25.78, 25.78
2191, 24.44, 24.44, 24.44, 24.44
2192, 24.47, 24.47, 24.47, 24.47
2193, 24.40, 24.40, 24.40, 24.40
2194, 23.94, 23.94, 23.94, 23.94
2195, 24.35, 24.35, 24.35, 24.35
2196, 24.35, 24.35, 24.35, 24.35
2197, 24.44, 24.44, 24.44, 24.44
2198, 25.05, 25.05, 25.05, 25.05
2199, 25.00, 25.00, 25.00, 25.00
2200, 24.99, 24.99, 24.99, 24.99
2201, 25.59, 25.59, 25.59, 25.59
2202, 25.45, 25.45, 25.45, 25.45
2203, 25.43, 25.43, 25.43, 25.43
2204, 25.13, 25.13, 25.13, 25.13
2205, 25.02, 25.02, 25.02, 25.02
2206, 24.61, 24.61, 24.61, 24.61
2207, 25.20, 25.20, 25.20, 25.20
2208, 24.46, 24.46, 24.46, 24.46
2209, 25.22, 25.22, 25.22, 25.22
2210, 24.27, 24.27, 24.27, 24.27
2211, 24.99, 24.99, 24.99, 24.99
2212, 25.45, 25.45, 25.45, 25.45
2213, 25.47, 25.47, 25.47, 25.47
2214, 24.97, 24.97, 24.97, 24.97
2215, 24.36, 24.36, 24.36, 24.36
2216, 24.93, 24.93, 24.93, 24.93
2217, 25.32, 25.32, 25.32, 25.32
2218, 25.13, 25.13, 25.13, 25.13
2219, 24.80, 24.80, 24.80, 24.80
2220, 25.89, 25.89, 25.89, 25.89
2221, 25.92, 25.92, 25.92, 25.92
2222, 25.50, 25.50, 25.50, 25.50
2223, 26.07, 26.07, 26.07, 26.07
2224, 25.89, 25.89, 25.89, 25.89
2225, 25.49, 25.49, 25.49, 25.49
2226, 25.01, 25.01, 25.01, 25.01
2227, 25.26, 25.26, 25.26, 25.26
2228, 25.16, 25.16, 25.16, 25.16
2229, 25.19, 25.19, 25.19, 25.19
2230, 25.19, 25.19, 25.19, 25.19
2231, 25.32, 25.32, 25.32, 25.32
2232, 26.10, 26.10, 26.10, 26.10
2233, 25.69, 25.69, 25.69, 25.69
2234, 25.91, 25.91, 25.91, 25.91
2235, 25.47, 25.47, 25.47, 25.47
2236, 25.19, 25.19, 25.19, 25.19
2237, 25.48, 25.48, 25.48, 25.48
2238, 25.36, 25.36, 25.36, 25.36
2239, 26.04, 26.04, 26.04, 26.04
2240, 26.12, 26.12, 26.12, 26.12
2241, 26.17, 26.17, 26.17, 26.17
2242, 25.92, 25.92, 25.92, 25.92
2243, 26.70, 26.70, 26.70, 26.70
2244, 27.12, 27.12, 27.12, 27.12
2245, 26.64, 26.64, 26.64, 26.64
2246, 25.86, 25.86, 25.86, 25.86
2247, 26.24, 26.24, 26.24, 26.24
2248, 25.51, 25.51, 25.51, 25.51
2249, 26.64, 26.64, 26.64, 26.64
2250, 26.75, 26.75, 26.75, 26.75
2251, 26.65, 26.65, 26.65, 26.65
2252, 25.85, 25.85, 25.85, 25.85
2253, 26.02, 26.02, 26.02, 26.02
2254, 26.77, 26.77, 26.77, 26.77
2255, 26.17, 26.17, 26.17, 26.17
2256, 26.64, 26.64, 26.64, 26.64
2257, 27.03, 27.03, 27.03, 27.03
2258, 27.16, 27.16, 27.16, 27.16
2259, 26.32, 26.32, 26.32, 26.32
2260, 26.89, 26.89, 26.89, 26.89
2261, 26.98, 26.98, 26.98, 26.98
2262, 28.05, 28.05, 28.05, 28.05
2263, 26.84, 26.84, 26.84, 26.84
2264, 26.25, 26.25, 26.25, 26.25
2265, 26.56, 26.56, 26.56, 26.56
2266, 27.67, 27.67, 27.67, 27.67
2267, 27.04, 27.04, 27.04, 27.04
2268, 26.80, 26.80, 26.80, 26.80
2269, 27.65, 27.65, 27.65, 27.65
2270, 26.55, 26.55, 26.55, 26.55
2271, 26.99, 26.99, 26.99, 26.99
2272, 26.35, 26.35, 26.35, 26.35
2273, 27.04, 27.04, 27.04, 27.04
2274, 26.70, 26.70, 26.70, 26.70
2275, 26.41, 26.41, 26.41, 26.41
2276, 27.02, 27.02, 27.02, 27.02
2277, 26.95, 26.95, 26.95, 26.95
2278, 26.79, 26.79, 26.79, 26.79
2279, 26.71, 26.71, 26.71, 26.71
2280, 27.78, 27.78, 27.78, 27.78
2281, 26.61, 26.61, 26.61, 26.61
2282, 27.16, 27.16, 27.16, 27.16
2283, 28.14, 28.14, 28.14, 28.14
2284, 27.21, 27.21, 27.21, 27.21
2285, 27.21, 27.21, 27.21, 27.21
2286, 27.22, 27.22, 27.22, 27.22
2287, 26.91, 26.91, 26.91, 26.91
2288, 27.05, 27.05, 27.05, 27.05
2289, 27.36, 27.36, 27.36, 27.36
2290, 28.17, 28.17, 28.17, 28.17
2291, 27.32, 27.32, 27.32, 27.32
2292, 27.68, 27.68, 27.68, 27.68
2293, 27.83, 27.83, 27.83, 27.83
2294, 27.66, 27.66, 27.66, 27.66
2295, 27.72, 27.72, 27.72, 27.72
2296, 28.32, 28.32, 28.32, 28.32
2297, 27.48, 27.48, 27.48, 27.48
2298, 27.10, 27.10, 27.10, 27.10
2299, 27.13, 27.13, 27.13, 27.13
2300, 26.58, 26.58, 26.58, 26.58
2301, 27.25, 27.25, 27.25, 27.25
2302, 27.30, 27.30, 27.30, 27.30
2303, 28.13, 28.13, 28.13, 28.13
2304, 27.29, 27.29, 27.29, 27.29
2305, 27.31, 27.31, 27.31, 27.31
2306, 27.14, 27.14, 27.14, 27.14
2307, 26.89, 26.89, 26.89, 26.89
2308, 27.09, 27.09, 27.09, 27.09
2309, 26.97, 26.97, 26.97, 26.97
